map_name,scen_id,n_agents,solver_name,reward,total_time,exec_time,train_time,end_reason,steps,replans_max_size,replans_count,max_steps_window,max_reached_window,max_expanded_window,n_livelock,n_conflicts,eval_time,init_time,conflicts_time,n_iterations
maze-32-32-4,1,1,online_window_dijkstra_2,-191,11.5322,11.5322,0,success,191,0,0,191,0,0,0,-,-,-,-,-
maze-32-32-4,1,1,online_window_dijkstra_2,-138,8.76257,8.76257,0,success,138,0,0,138,0,0,0,-,-,-,-,-
maze-32-32-4,1,1,online_window_dijkstra_2,-130,7.9247,7.9247,0,success,130,0,0,130,0,0,0,-,-,-,-,-
maze-32-32-4,1,1,online_window_dijkstra_2,-162,8.78562,8.78562,0,success,162,0,0,162,0,0,0,-,-,-,-,-
maze-32-32-4,1,1,online_window_dijkstra_2,-197,10.0191,10.0191,0,success,197,0,0,197,0,0,0,-,-,-,-,-
maze-32-32-4,1,1,online_window_dijkstra_2,-136,7.48832,7.48832,0,success,136,0,0,136,0,0,0,-,-,-,-,-
maze-32-32-4,1,1,online_window_dijkstra_2,-131,7.06587,7.06587,0,success,131,0,0,131,0,0,0,-,-,-,-,-
maze-32-32-4,1,1,online_window_dijkstra_2,-166,8.31629,8.31629,0,success,166,0,0,166,0,0,0,-,-,-,-,-
maze-32-32-4,1,1,online_window_dijkstra_2,-163,8.42551,8.42551,0,success,163,0,0,163,0,0,0,-,-,-,-,-
maze-32-32-4,1,1,online_window_dijkstra_2,-144,6.67774,6.67774,0,success,144,0,0,144,0,0,0,-,-,-,-,-
maze-32-32-4,1,1,online_window_dijkstra_2,-131,6.5147,6.5147,0,success,131,0,0,131,0,0,0,-,-,-,-,-
maze-32-32-4,1,1,online_window_dijkstra_2,-151,6.65459,6.65459,0,success,151,0,0,151,0,0,0,-,-,-,-,-
maze-32-32-4,1,1,online_window_dijkstra_2,-157,7.23541,7.23541,0,success,157,0,0,157,0,0,0,-,-,-,-,-
maze-32-32-4,1,1,online_window_dijkstra_2,-125,5.75537,5.75537,0,success,125,0,0,125,0,0,0,-,-,-,-,-
maze-32-32-4,1,1,online_window_dijkstra_2,-182,7.80526,7.80526,0,success,182,0,0,182,0,0,0,-,-,-,-,-
maze-32-32-4,1,1,online_window_dijkstra_2,-196,7.45229,7.45229,0,success,196,0,0,196,0,0,0,-,-,-,-,-
maze-32-32-4,1,1,online_window_dijkstra_2,-142,6.62398,6.62398,0,success,142,0,0,142,0,0,0,-,-,-,-,-
maze-32-32-4,1,1,online_window_dijkstra_2,-174,6.45889,6.45889,0,success,174,0,0,174,0,0,0,-,-,-,-,-
maze-32-32-4,1,1,online_window_dijkstra_2,-128,5.76591,5.76591,0,success,128,0,0,128,0,0,0,-,-,-,-,-
maze-32-32-4,1,1,online_window_dijkstra_2,-137,5.68627,5.68627,0,success,137,0,0,137,0,0,0,-,-,-,-,-
maze-32-32-4,1,1,online_window_dijkstra_2,-149,6.58457,6.58457,0,success,149,0,0,149,0,0,0,-,-,-,-,-
maze-32-32-4,1,1,online_window_dijkstra_2,-153,6.19679,6.19679,0,success,153,0,0,153,0,0,0,-,-,-,-,-
maze-32-32-4,1,1,online_window_dijkstra_2,-162,7.03281,7.03281,0,success,162,0,0,162,0,0,0,-,-,-,-,-
maze-32-32-4,1,1,online_window_dijkstra_2,-160,6.09567,6.09567,0,success,160,0,0,160,0,0,0,-,-,-,-,-
maze-32-32-4,1,1,online_window_dijkstra_2,-167,6.76435,6.76435,0,success,167,0,0,167,0,0,0,-,-,-,-,-
maze-32-32-4,1,1,online_window_dijkstra_2,-149,5.89811,5.89811,0,success,149,0,0,149,0,0,0,-,-,-,-,-
maze-32-32-4,1,1,online_window_dijkstra_2,-184,7.62851,7.62851,0,success,184,0,0,184,0,0,0,-,-,-,-,-
maze-32-32-4,1,1,online_window_dijkstra_2,-177,6.79853,6.79853,0,success,177,0,0,177,0,0,0,-,-,-,-,-
maze-32-32-4,1,1,online_window_dijkstra_2,-149,6.22713,6.22713,0,success,149,0,0,149,0,0,0,-,-,-,-,-
maze-32-32-4,1,1,online_window_dijkstra_2,-175,6.6685,6.6685,0,success,175,0,0,175,0,0,0,-,-,-,-,-
maze-32-32-4,2,1,online_window_dijkstra_2,-29,1.55848,1.55848,0,success,29,0,0,29,0,0,0,-,-,-,-,-
maze-32-32-4,2,1,online_window_dijkstra_2,-25,2.07113,2.07113,0,success,25,0,0,25,0,0,0,-,-,-,-,-
maze-32-32-4,2,1,online_window_dijkstra_2,-24,1.23148,1.23148,0,success,24,0,0,24,0,0,0,-,-,-,-,-
maze-32-32-4,2,1,online_window_dijkstra_2,-35,2.84885,2.84885,0,success,35,0,0,35,0,0,0,-,-,-,-,-
maze-32-32-4,2,1,online_window_dijkstra_2,-28,1.37915,1.37915,0,success,28,0,0,28,0,0,0,-,-,-,-,-
maze-32-32-4,2,1,online_window_dijkstra_2,-35,2.54174,2.54174,0,success,35,0,0,35,0,0,0,-,-,-,-,-
maze-32-32-4,2,1,online_window_dijkstra_2,-51,2.16127,2.16127,0,success,51,0,0,51,0,0,0,-,-,-,-,-
maze-32-32-4,2,1,online_window_dijkstra_2,-35,2.43503,2.43503,0,success,35,0,0,35,0,0,0,-,-,-,-,-
maze-32-32-4,2,1,online_window_dijkstra_2,-28,1.39284,1.39284,0,success,28,0,0,28,0,0,0,-,-,-,-,-
maze-32-32-4,2,1,online_window_dijkstra_2,-29,2.40338,2.40338,0,success,29,0,0,29,0,0,0,-,-,-,-,-
maze-32-32-4,2,1,online_window_dijkstra_2,-31,1.44743,1.44743,0,success,31,0,0,31,0,0,0,-,-,-,-,-
maze-32-32-4,2,1,online_window_dijkstra_2,-33,2.08814,2.08814,0,success,33,0,0,33,0,0,0,-,-,-,-,-
maze-32-32-4,2,1,online_window_dijkstra_2,-18,1.03483,1.03483,0,success,18,0,0,18,0,0,0,-,-,-,-,-
maze-32-32-4,2,1,online_window_dijkstra_2,-50,2.73743,2.73743,0,success,50,0,0,50,0,0,0,-,-,-,-,-
maze-32-32-4,2,1,online_window_dijkstra_2,-27,1.37031,1.37031,0,success,27,0,0,27,0,0,0,-,-,-,-,-
maze-32-32-4,2,1,online_window_dijkstra_2,-38,2.49351,2.49351,0,success,38,0,0,38,0,0,0,-,-,-,-,-
maze-32-32-4,2,1,online_window_dijkstra_2,-42,1.81152,1.81152,0,success,42,0,0,42,0,0,0,-,-,-,-,-
maze-32-32-4,2,1,online_window_dijkstra_2,-52,2.84555,2.84555,0,success,52,0,0,52,0,0,0,-,-,-,-,-
maze-32-32-4,2,1,online_window_dijkstra_2,-27,1.30411,1.30411,0,success,27,0,0,27,0,0,0,-,-,-,-,-
maze-32-32-4,2,1,online_window_dijkstra_2,-48,2.76234,2.76234,0,success,48,0,0,48,0,0,0,-,-,-,-,-
maze-32-32-4,2,1,online_window_dijkstra_2,-29,1.3968,1.3968,0,success,29,0,0,29,0,0,0,-,-,-,-,-
maze-32-32-4,2,1,online_window_dijkstra_2,-38,2.283,2.283,0,success,38,0,0,38,0,0,0,-,-,-,-,-
maze-32-32-4,2,1,online_window_dijkstra_2,-50,2.04205,2.04205,0,success,50,0,0,50,0,0,0,-,-,-,-,-
maze-32-32-4,2,1,online_window_dijkstra_2,-35,2.01372,2.01372,0,success,35,0,0,35,0,0,0,-,-,-,-,-
maze-32-32-4,2,1,online_window_dijkstra_2,-34,1.48998,1.48998,0,success,34,0,0,34,0,0,0,-,-,-,-,-
maze-32-32-4,2,1,online_window_dijkstra_2,-49,2.45394,2.45394,0,success,49,0,0,49,0,0,0,-,-,-,-,-
maze-32-32-4,2,1,online_window_dijkstra_2,-48,1.99182,1.99182,0,success,48,0,0,48,0,0,0,-,-,-,-,-
maze-32-32-4,2,1,online_window_dijkstra_2,-24,1.70656,1.70656,0,success,24,0,0,24,0,0,0,-,-,-,-,-
maze-32-32-4,2,1,online_window_dijkstra_2,-29,1.35723,1.35723,0,success,29,0,0,29,0,0,0,-,-,-,-,-
maze-32-32-4,2,1,online_window_dijkstra_2,-14,1.06197,1.06197,0,success,14,0,0,14,0,0,0,-,-,-,-,-
maze-32-32-4,3,1,online_window_dijkstra_2,-41,1.77912,1.77912,0,success,41,0,0,41,0,0,0,-,-,-,-,-
maze-32-32-4,3,1,online_window_dijkstra_2,-38,2.54697,2.54697,0,success,38,0,0,38,0,0,0,-,-,-,-,-
maze-32-32-4,3,1,online_window_dijkstra_2,-57,2.05976,2.05976,0,success,57,0,0,57,0,0,0,-,-,-,-,-
maze-32-32-4,3,1,online_window_dijkstra_2,-39,2.66626,2.66626,0,success,39,0,0,39,0,0,0,-,-,-,-,-
maze-32-32-4,3,1,online_window_dijkstra_2,-30,1.30806,1.30806,0,success,30,0,0,30,0,0,0,-,-,-,-,-
maze-32-32-4,3,1,online_window_dijkstra_2,-31,2.42957,2.42957,0,success,31,0,0,31,0,0,0,-,-,-,-,-
maze-32-32-4,3,1,online_window_dijkstra_2,-25,1.21057,1.21057,0,success,25,0,0,25,0,0,0,-,-,-,-,-
maze-32-32-4,3,1,online_window_dijkstra_2,-28,1.98788,1.98788,0,success,28,0,0,28,0,0,0,-,-,-,-,-
maze-32-32-4,3,1,online_window_dijkstra_2,-54,1.9889,1.9889,0,success,54,0,0,54,0,0,0,-,-,-,-,-
maze-32-32-4,3,1,online_window_dijkstra_2,-55,2.78638,2.78638,0,success,55,0,0,55,0,0,0,-,-,-,-,-
maze-32-32-4,3,1,online_window_dijkstra_2,-31,1.31531,1.31531,0,success,31,0,0,31,0,0,0,-,-,-,-,-
maze-32-32-4,3,1,online_window_dijkstra_2,-28,1.64857,1.64857,0,success,28,0,0,28,0,0,0,-,-,-,-,-
maze-32-32-4,3,1,online_window_dijkstra_2,-51,1.9699,1.9699,0,success,51,0,0,51,0,0,0,-,-,-,-,-
maze-32-32-4,3,1,online_window_dijkstra_2,-31,1.84128,1.84128,0,success,31,0,0,31,0,0,0,-,-,-,-,-
maze-32-32-4,3,1,online_window_dijkstra_2,-14,0.891092,0.891092,0,success,14,0,0,14,0,0,0,-,-,-,-,-
maze-32-32-4,3,1,online_window_dijkstra_2,-47,2.36276,2.36276,0,success,47,0,0,47,0,0,0,-,-,-,-,-
maze-32-32-4,3,1,online_window_dijkstra_2,-28,1.24221,1.24221,0,success,28,0,0,28,0,0,0,-,-,-,-,-
maze-32-32-4,3,1,online_window_dijkstra_2,-87,3.65269,3.65269,0,success,87,0,0,87,0,0,0,-,-,-,-,-
maze-32-32-4,3,1,online_window_dijkstra_2,-46,1.77356,1.77356,0,success,46,0,0,46,0,0,0,-,-,-,-,-
maze-32-32-4,3,1,online_window_dijkstra_2,-19,1.35324,1.35324,0,success,19,0,0,19,0,0,0,-,-,-,-,-
maze-32-32-4,3,1,online_window_dijkstra_2,-129,3.69405,3.69405,0,success,129,0,0,129,0,0,0,-,-,-,-,-
maze-32-32-4,3,1,online_window_dijkstra_2,-31,1.623,1.623,0,success,31,0,0,31,0,0,0,-,-,-,-,-
maze-32-32-4,3,1,online_window_dijkstra_2,-20,1.06354,1.06354,0,success,20,0,0,20,0,0,0,-,-,-,-,-
maze-32-32-4,3,1,online_window_dijkstra_2,-42,2.04621,2.04621,0,success,42,0,0,42,0,0,0,-,-,-,-,-
maze-32-32-4,3,1,online_window_dijkstra_2,-21,1.05619,1.05619,0,success,21,0,0,21,0,0,0,-,-,-,-,-
maze-32-32-4,3,1,online_window_dijkstra_2,-68,2.71833,2.71833,0,success,68,0,0,68,0,0,0,-,-,-,-,-
maze-32-32-4,3,1,online_window_dijkstra_2,-26,1.21314,1.21314,0,success,26,0,0,26,0,0,0,-,-,-,-,-
maze-32-32-4,3,1,online_window_dijkstra_2,-55,2.34344,2.34344,0,success,55,0,0,55,0,0,0,-,-,-,-,-
maze-32-32-4,3,1,online_window_dijkstra_2,-27,1.22129,1.22129,0,success,27,0,0,27,0,0,0,-,-,-,-,-
maze-32-32-4,3,1,online_window_dijkstra_2,-32,1.58151,1.58151,0,success,32,0,0,32,0,0,0,-,-,-,-,-
maze-32-32-4,4,1,online_window_dijkstra_2,-181,7.3932,7.3932,0,success,181,0,0,181,0,0,0,-,-,-,-,-
maze-32-32-4,4,1,online_window_dijkstra_2,-163,10.4542,10.4542,0,success,163,0,0,163,0,0,0,-,-,-,-,-
maze-32-32-4,4,1,online_window_dijkstra_2,-198,7.44042,7.44042,0,success,198,0,0,198,0,0,0,-,-,-,-,-
maze-32-32-4,4,1,online_window_dijkstra_2,-167,9.44681,9.44681,0,success,167,0,0,167,0,0,0,-,-,-,-,-
maze-32-32-4,4,1,online_window_dijkstra_2,-222,8.70275,8.70275,0,success,222,0,0,222,0,0,0,-,-,-,-,-
maze-32-32-4,4,1,online_window_dijkstra_2,-162,8.60373,8.60373,0,success,162,0,0,162,0,0,0,-,-,-,-,-
maze-32-32-4,4,1,online_window_dijkstra_2,-157,8.52423,8.52423,0,success,157,0,0,157,0,0,0,-,-,-,-,-
maze-32-32-4,4,1,online_window_dijkstra_2,-189,7.45902,7.45902,0,success,189,0,0,189,0,0,0,-,-,-,-,-
maze-32-32-4,4,1,online_window_dijkstra_2,-165,6.91648,6.91648,0,success,165,0,0,165,0,0,0,-,-,-,-,-
maze-32-32-4,4,1,online_window_dijkstra_2,-229,8.6272,8.6272,0,success,229,0,0,229,0,0,0,-,-,-,-,-
maze-32-32-4,4,1,online_window_dijkstra_2,-165,6.44237,6.44237,0,success,165,0,0,165,0,0,0,-,-,-,-,-
maze-32-32-4,4,1,online_window_dijkstra_2,-193,7.35863,7.35863,0,success,193,0,0,193,0,0,0,-,-,-,-,-
maze-32-32-4,4,1,online_window_dijkstra_2,-183,6.92915,6.92915,0,success,183,0,0,183,0,0,0,-,-,-,-,-
maze-32-32-4,4,1,online_window_dijkstra_2,-160,6.52075,6.52075,0,success,160,0,0,160,0,0,0,-,-,-,-,-
maze-32-32-4,4,1,online_window_dijkstra_2,-190,7.30622,7.30622,0,success,190,0,0,190,0,0,0,-,-,-,-,-
maze-32-32-4,4,1,online_window_dijkstra_2,-208,7.80149,7.80149,0,success,208,0,0,208,0,0,0,-,-,-,-,-
maze-32-32-4,4,1,online_window_dijkstra_2,-208,7.91878,7.91878,0,success,208,0,0,208,0,0,0,-,-,-,-,-
maze-32-32-4,4,1,online_window_dijkstra_2,-179,6.77036,6.77036,0,success,179,0,0,179,0,0,0,-,-,-,-,-
maze-32-32-4,4,1,online_window_dijkstra_2,-177,6.97449,6.97449,0,success,177,0,0,177,0,0,0,-,-,-,-,-
maze-32-32-4,4,1,online_window_dijkstra_2,-188,7.1784,7.1784,0,success,188,0,0,188,0,0,0,-,-,-,-,-
maze-32-32-4,4,1,online_window_dijkstra_2,-184,7.30249,7.30249,0,success,184,0,0,184,0,0,0,-,-,-,-,-
maze-32-32-4,4,1,online_window_dijkstra_2,-158,6.33857,6.33857,0,success,158,0,0,158,0,0,0,-,-,-,-,-
maze-32-32-4,4,1,online_window_dijkstra_2,-180,7.11625,7.11625,0,success,180,0,0,180,0,0,0,-,-,-,-,-
maze-32-32-4,4,1,online_window_dijkstra_2,-191,7.34444,7.34444,0,success,191,0,0,191,0,0,0,-,-,-,-,-
maze-32-32-4,4,1,online_window_dijkstra_2,-162,6.53948,6.53948,0,success,162,0,0,162,0,0,0,-,-,-,-,-
maze-32-32-4,4,1,online_window_dijkstra_2,-152,6.37959,6.37959,0,success,152,0,0,152,0,0,0,-,-,-,-,-
maze-32-32-4,4,1,online_window_dijkstra_2,-179,6.91831,6.91831,0,success,179,0,0,179,0,0,0,-,-,-,-,-
maze-32-32-4,4,1,online_window_dijkstra_2,-228,8.20523,8.20523,0,success,228,0,0,228,0,0,0,-,-,-,-,-
maze-32-32-4,4,1,online_window_dijkstra_2,-141,5.65493,5.65493,0,success,141,0,0,141,0,0,0,-,-,-,-,-
maze-32-32-4,4,1,online_window_dijkstra_2,-244,8.95546,8.95546,0,success,244,0,0,244,0,0,0,-,-,-,-,-
maze-32-32-4,5,1,online_window_dijkstra_2,-96,6.78588,6.78588,0,success,96,0,0,96,0,0,0,-,-,-,-,-
maze-32-32-4,5,1,online_window_dijkstra_2,-111,7.0624,7.0624,0,success,111,0,0,111,0,0,0,-,-,-,-,-
maze-32-32-4,5,1,online_window_dijkstra_2,-112,6.98256,6.98256,0,success,112,0,0,112,0,0,0,-,-,-,-,-
maze-32-32-4,5,1,online_window_dijkstra_2,-131,7.27158,7.27158,0,success,131,0,0,131,0,0,0,-,-,-,-,-
maze-32-32-4,5,1,online_window_dijkstra_2,-118,6.67936,6.67936,0,success,118,0,0,118,0,0,0,-,-,-,-,-
maze-32-32-4,5,1,online_window_dijkstra_2,-118,6.26183,6.26183,0,success,118,0,0,118,0,0,0,-,-,-,-,-
maze-32-32-4,5,1,online_window_dijkstra_2,-125,6.65058,6.65058,0,success,125,0,0,125,0,0,0,-,-,-,-,-
maze-32-32-4,5,1,online_window_dijkstra_2,-135,6.6505,6.6505,0,success,135,0,0,135,0,0,0,-,-,-,-,-
maze-32-32-4,5,1,online_window_dijkstra_2,-109,5.73832,5.73832,0,success,109,0,0,109,0,0,0,-,-,-,-,-
maze-32-32-4,5,1,online_window_dijkstra_2,-113,5.56866,5.56866,0,success,113,0,0,113,0,0,0,-,-,-,-,-
maze-32-32-4,5,1,online_window_dijkstra_2,-107,5.49402,5.49402,0,success,107,0,0,107,0,0,0,-,-,-,-,-
maze-32-32-4,5,1,online_window_dijkstra_2,-93,4.37343,4.37343,0,success,93,0,0,93,0,0,0,-,-,-,-,-
maze-32-32-4,5,1,online_window_dijkstra_2,-94,4.72535,4.72535,0,success,94,0,0,94,0,0,0,-,-,-,-,-
maze-32-32-4,5,1,online_window_dijkstra_2,-104,4.53018,4.53018,0,success,104,0,0,104,0,0,0,-,-,-,-,-
maze-32-32-4,5,1,online_window_dijkstra_2,-133,5.93989,5.93989,0,success,133,0,0,133,0,0,0,-,-,-,-,-
maze-32-32-4,5,1,online_window_dijkstra_2,-128,5.14679,5.14679,0,success,128,0,0,128,0,0,0,-,-,-,-,-
maze-32-32-4,5,1,online_window_dijkstra_2,-111,5.33087,5.33087,0,success,111,0,0,111,0,0,0,-,-,-,-,-
maze-32-32-4,5,1,online_window_dijkstra_2,-124,4.68313,4.68313,0,success,124,0,0,124,0,0,0,-,-,-,-,-
maze-32-32-4,5,1,online_window_dijkstra_2,-124,5.59881,5.59881,0,success,124,0,0,124,0,0,0,-,-,-,-,-
maze-32-32-4,5,1,online_window_dijkstra_2,-125,4.67918,4.67918,0,success,125,0,0,125,0,0,0,-,-,-,-,-
maze-32-32-4,5,1,online_window_dijkstra_2,-169,6.72436,6.72436,0,success,169,0,0,169,0,0,0,-,-,-,-,-
maze-32-32-4,5,1,online_window_dijkstra_2,-158,5.43364,5.43364,0,success,158,0,0,158,0,0,0,-,-,-,-,-
maze-32-32-4,5,1,online_window_dijkstra_2,-109,4.98919,4.98919,0,success,109,0,0,109,0,0,0,-,-,-,-,-
maze-32-32-4,5,1,online_window_dijkstra_2,-146,5.2549,5.2549,0,success,146,0,0,146,0,0,0,-,-,-,-,-
maze-32-32-4,5,1,online_window_dijkstra_2,-115,5.20865,5.20865,0,success,115,0,0,115,0,0,0,-,-,-,-,-
maze-32-32-4,5,1,online_window_dijkstra_2,-160,5.58049,5.58049,0,success,160,0,0,160,0,0,0,-,-,-,-,-
maze-32-32-4,5,1,online_window_dijkstra_2,-143,5.84269,5.84269,0,success,143,0,0,143,0,0,0,-,-,-,-,-
maze-32-32-4,5,1,online_window_dijkstra_2,-102,4.01638,4.01638,0,success,102,0,0,102,0,0,0,-,-,-,-,-
maze-32-32-4,5,1,online_window_dijkstra_2,-121,5.07758,5.07758,0,success,121,0,0,121,0,0,0,-,-,-,-,-
maze-32-32-4,5,1,online_window_dijkstra_2,-127,4.82632,4.82632,0,success,127,0,0,127,0,0,0,-,-,-,-,-
maze-32-32-4,6,1,online_window_dijkstra_2,-44,2.84275,2.84275,0,success,44,0,0,44,0,0,0,-,-,-,-,-
maze-32-32-4,6,1,online_window_dijkstra_2,-29,1.92766,1.92766,0,success,29,0,0,29,0,0,0,-,-,-,-,-
maze-32-32-4,6,1,online_window_dijkstra_2,-32,2.72052,2.72052,0,success,32,0,0,32,0,0,0,-,-,-,-,-
maze-32-32-4,6,1,online_window_dijkstra_2,-32,1.71517,1.71517,0,success,32,0,0,32,0,0,0,-,-,-,-,-
maze-32-32-4,6,1,online_window_dijkstra_2,-38,2.83163,2.83163,0,success,38,0,0,38,0,0,0,-,-,-,-,-
maze-32-32-4,6,1,online_window_dijkstra_2,-49,2.10183,2.10183,0,success,49,0,0,49,0,0,0,-,-,-,-,-
maze-32-32-4,6,1,online_window_dijkstra_2,-43,2.86131,2.86131,0,success,43,0,0,43,0,0,0,-,-,-,-,-
maze-32-32-4,6,1,online_window_dijkstra_2,-27,1.47102,1.47102,0,success,27,0,0,27,0,0,0,-,-,-,-,-
maze-32-32-4,6,1,online_window_dijkstra_2,-42,2.54601,2.54601,0,success,42,0,0,42,0,0,0,-,-,-,-,-
maze-32-32-4,6,1,online_window_dijkstra_2,-36,1.63945,1.63945,0,success,36,0,0,36,0,0,0,-,-,-,-,-
maze-32-32-4,6,1,online_window_dijkstra_2,-31,2.11379,2.11379,0,success,31,0,0,31,0,0,0,-,-,-,-,-
maze-32-32-4,6,1,online_window_dijkstra_2,-44,1.95859,1.95859,0,success,44,0,0,44,0,0,0,-,-,-,-,-
maze-32-32-4,6,1,online_window_dijkstra_2,-31,2.16828,2.16828,0,success,31,0,0,31,0,0,0,-,-,-,-,-
maze-32-32-4,6,1,online_window_dijkstra_2,-40,1.81365,1.81365,0,success,40,0,0,40,0,0,0,-,-,-,-,-
maze-32-32-4,6,1,online_window_dijkstra_2,-41,2.48793,2.48793,0,success,41,0,0,41,0,0,0,-,-,-,-,-
maze-32-32-4,6,1,online_window_dijkstra_2,-43,1.86354,1.86354,0,success,43,0,0,43,0,0,0,-,-,-,-,-
maze-32-32-4,6,1,online_window_dijkstra_2,-40,2.20628,2.20628,0,success,40,0,0,40,0,0,0,-,-,-,-,-
maze-32-32-4,6,1,online_window_dijkstra_2,-48,1.89525,1.89525,0,success,48,0,0,48,0,0,0,-,-,-,-,-
maze-32-32-4,6,1,online_window_dijkstra_2,-36,2.00807,2.00807,0,success,36,0,0,36,0,0,0,-,-,-,-,-
maze-32-32-4,6,1,online_window_dijkstra_2,-30,1.34797,1.34797,0,success,30,0,0,30,0,0,0,-,-,-,-,-
maze-32-32-4,6,1,online_window_dijkstra_2,-37,1.94132,1.94132,0,success,37,0,0,37,0,0,0,-,-,-,-,-
maze-32-32-4,6,1,online_window_dijkstra_2,-38,1.60325,1.60325,0,success,38,0,0,38,0,0,0,-,-,-,-,-
maze-32-32-4,6,1,online_window_dijkstra_2,-33,1.92625,1.92625,0,success,33,0,0,33,0,0,0,-,-,-,-,-
maze-32-32-4,6,1,online_window_dijkstra_2,-33,1.43972,1.43972,0,success,33,0,0,33,0,0,0,-,-,-,-,-
maze-32-32-4,6,1,online_window_dijkstra_2,-40,2.16346,2.16346,0,success,40,0,0,40,0,0,0,-,-,-,-,-
maze-32-32-4,6,1,online_window_dijkstra_2,-40,1.67224,1.67224,0,success,40,0,0,40,0,0,0,-,-,-,-,-
maze-32-32-4,6,1,online_window_dijkstra_2,-39,1.96063,1.96063,0,success,39,0,0,39,0,0,0,-,-,-,-,-
maze-32-32-4,6,1,online_window_dijkstra_2,-28,1.39482,1.39482,0,success,28,0,0,28,0,0,0,-,-,-,-,-
maze-32-32-4,6,1,online_window_dijkstra_2,-26,1.54143,1.54143,0,success,26,0,0,26,0,0,0,-,-,-,-,-
maze-32-32-4,6,1,online_window_dijkstra_2,-28,1.28385,1.28385,0,success,28,0,0,28,0,0,0,-,-,-,-,-
maze-32-32-4,7,1,online_window_dijkstra_2,-12,0.991763,0.991763,0,success,12,0,0,12,0,0,0,-,-,-,-,-
maze-32-32-4,7,1,online_window_dijkstra_2,-14,1.34259,1.34259,0,success,14,0,0,14,0,0,0,-,-,-,-,-
maze-32-32-4,7,1,online_window_dijkstra_2,-14,1.339,1.339,0,success,14,0,0,14,0,0,0,-,-,-,-,-
maze-32-32-4,7,1,online_window_dijkstra_2,-15,1.15891,1.15891,0,success,15,0,0,15,0,0,0,-,-,-,-,-
maze-32-32-4,7,1,online_window_dijkstra_2,-14,1.3255,1.3255,0,success,14,0,0,14,0,0,0,-,-,-,-,-
maze-32-32-4,7,1,online_window_dijkstra_2,-6,0.839837,0.839837,0,success,6,0,0,6,0,0,0,-,-,-,-,-
maze-32-32-4,7,1,online_window_dijkstra_2,-3,0.684167,0.684167,0,success,3,0,0,3,0,0,0,-,-,-,-,-
maze-32-32-4,7,1,online_window_dijkstra_2,-3,0.626956,0.626956,0,success,3,0,0,3,0,0,0,-,-,-,-,-
maze-32-32-4,7,1,online_window_dijkstra_2,-3,0.627632,0.627632,0,success,3,0,0,3,0,0,0,-,-,-,-,-
maze-32-32-4,7,1,online_window_dijkstra_2,-20,1.41629,1.41629,0,success,20,0,0,20,0,0,0,-,-,-,-,-
maze-32-32-4,7,1,online_window_dijkstra_2,-6,0.839692,0.839692,0,success,6,0,0,6,0,0,0,-,-,-,-,-
maze-32-32-4,7,1,online_window_dijkstra_2,-5,0.743537,0.743537,0,success,5,0,0,5,0,0,0,-,-,-,-,-
maze-32-32-4,7,1,online_window_dijkstra_2,-15,1.37746,1.37746,0,success,15,0,0,15,0,0,0,-,-,-,-,-
maze-32-32-4,7,1,online_window_dijkstra_2,-3,0.568023,0.568023,0,success,3,0,0,3,0,0,0,-,-,-,-,-
maze-32-32-4,7,1,online_window_dijkstra_2,-5,0.752926,0.752926,0,success,5,0,0,5,0,0,0,-,-,-,-,-
maze-32-32-4,7,1,online_window_dijkstra_2,-8,0.879934,0.879934,0,success,8,0,0,8,0,0,0,-,-,-,-,-
maze-32-32-4,7,1,online_window_dijkstra_2,-4,0.633623,0.633623,0,success,4,0,0,4,0,0,0,-,-,-,-,-
maze-32-32-4,7,1,online_window_dijkstra_2,-6,0.800891,0.800891,0,success,6,0,0,6,0,0,0,-,-,-,-,-
maze-32-32-4,7,1,online_window_dijkstra_2,-7,0.782689,0.782689,0,success,7,0,0,7,0,0,0,-,-,-,-,-
maze-32-32-4,7,1,online_window_dijkstra_2,-4,0.57889,0.57889,0,success,4,0,0,4,0,0,0,-,-,-,-,-
maze-32-32-4,7,1,online_window_dijkstra_2,-7,0.771943,0.771943,0,success,7,0,0,7,0,0,0,-,-,-,-,-
maze-32-32-4,7,1,online_window_dijkstra_2,-11,1.17051,1.17051,0,success,11,0,0,11,0,0,0,-,-,-,-,-
maze-32-32-4,7,1,online_window_dijkstra_2,-10,0.968252,0.968252,0,success,10,0,0,10,0,0,0,-,-,-,-,-
maze-32-32-4,7,1,online_window_dijkstra_2,-7,0.744125,0.744125,0,success,7,0,0,7,0,0,0,-,-,-,-,-
maze-32-32-4,7,1,online_window_dijkstra_2,-3,0.588255,0.588255,0,success,3,0,0,3,0,0,0,-,-,-,-,-
maze-32-32-4,7,1,online_window_dijkstra_2,-8,0.754883,0.754883,0,success,8,0,0,8,0,0,0,-,-,-,-,-
maze-32-32-4,7,1,online_window_dijkstra_2,-18,1.21152,1.21152,0,success,18,0,0,18,0,0,0,-,-,-,-,-
maze-32-32-4,7,1,online_window_dijkstra_2,-6,0.575737,0.575737,0,success,6,0,0,6,0,0,0,-,-,-,-,-
maze-32-32-4,7,1,online_window_dijkstra_2,-9,0.884552,0.884552,0,success,9,0,0,9,0,0,0,-,-,-,-,-
maze-32-32-4,7,1,online_window_dijkstra_2,-3,0.552216,0.552216,0,success,3,0,0,3,0,0,0,-,-,-,-,-
maze-32-32-4,8,1,online_window_dijkstra_2,-163,10.8942,10.8942,0,success,163,0,0,163,0,0,0,-,-,-,-,-
maze-32-32-4,8,1,online_window_dijkstra_2,-161,10.1962,10.1962,0,success,161,0,0,161,0,0,0,-,-,-,-,-
maze-32-32-4,8,1,online_window_dijkstra_2,-157,9.34322,9.34322,0,success,157,0,0,157,0,0,0,-,-,-,-,-
maze-32-32-4,8,1,online_window_dijkstra_2,-209,10.7564,10.7564,0,success,209,0,0,209,0,0,0,-,-,-,-,-
maze-32-32-4,8,1,online_window_dijkstra_2,-180,9.8744,9.8744,0,success,180,0,0,180,0,0,0,-,-,-,-,-
maze-32-32-4,8,1,online_window_dijkstra_2,-152,7.73796,7.73796,0,success,152,0,0,152,0,0,0,-,-,-,-,-
maze-32-32-4,8,1,online_window_dijkstra_2,-149,7.92468,7.92468,0,success,149,0,0,149,0,0,0,-,-,-,-,-
maze-32-32-4,8,1,online_window_dijkstra_2,-182,6.84291,6.84291,0,success,182,0,0,182,0,0,0,-,-,-,-,-
maze-32-32-4,8,1,online_window_dijkstra_2,-201,9.13913,9.13913,0,success,201,0,0,201,0,0,0,-,-,-,-,-
maze-32-32-4,8,1,online_window_dijkstra_2,-162,6.35408,6.35408,0,success,162,0,0,162,0,0,0,-,-,-,-,-
maze-32-32-4,8,1,online_window_dijkstra_2,-145,6.91533,6.91533,0,success,145,0,0,145,0,0,0,-,-,-,-,-
maze-32-32-4,8,1,online_window_dijkstra_2,-179,6.70428,6.70428,0,success,179,0,0,179,0,0,0,-,-,-,-,-
maze-32-32-4,8,1,online_window_dijkstra_2,-201,8.25697,8.25697,0,success,201,0,0,201,0,0,0,-,-,-,-,-
maze-32-32-4,8,1,online_window_dijkstra_2,-168,6.65027,6.65027,0,success,168,0,0,168,0,0,0,-,-,-,-,-
maze-32-32-4,8,1,online_window_dijkstra_2,-189,7.81579,7.81579,0,success,189,0,0,189,0,0,0,-,-,-,-,-
maze-32-32-4,8,1,online_window_dijkstra_2,-175,6.71618,6.71618,0,success,175,0,0,175,0,0,0,-,-,-,-,-
maze-32-32-4,8,1,online_window_dijkstra_2,-194,8.08536,8.08536,0,success,194,0,0,194,0,0,0,-,-,-,-,-
maze-32-32-4,8,1,online_window_dijkstra_2,-164,6.44228,6.44228,0,success,164,0,0,164,0,0,0,-,-,-,-,-
maze-32-32-4,8,1,online_window_dijkstra_2,-122,5.44808,5.44808,0,success,122,0,0,122,0,0,0,-,-,-,-,-
maze-32-32-4,8,1,online_window_dijkstra_2,-194,7.22637,7.22637,0,success,194,0,0,194,0,0,0,-,-,-,-,-
maze-32-32-4,8,1,online_window_dijkstra_2,-147,6.20111,6.20111,0,success,147,0,0,147,0,0,0,-,-,-,-,-
maze-32-32-4,8,1,online_window_dijkstra_2,-171,6.39812,6.39812,0,success,171,0,0,171,0,0,0,-,-,-,-,-
maze-32-32-4,8,1,online_window_dijkstra_2,-235,8.83251,8.83251,0,success,235,0,0,235,0,0,0,-,-,-,-,-
maze-32-32-4,8,1,online_window_dijkstra_2,-161,6.19823,6.19823,0,success,161,0,0,161,0,0,0,-,-,-,-,-
maze-32-32-4,8,1,online_window_dijkstra_2,-253,8.83204,8.83204,0,success,253,0,0,253,0,0,0,-,-,-,-,-
maze-32-32-4,8,1,online_window_dijkstra_2,-177,6.8567,6.8567,0,success,177,0,0,177,0,0,0,-,-,-,-,-
maze-32-32-4,8,1,online_window_dijkstra_2,-165,6.58098,6.58098,0,success,165,0,0,165,0,0,0,-,-,-,-,-
maze-32-32-4,8,1,online_window_dijkstra_2,-173,6.60747,6.60747,0,success,173,0,0,173,0,0,0,-,-,-,-,-
maze-32-32-4,8,1,online_window_dijkstra_2,-150,5.968,5.968,0,success,150,0,0,150,0,0,0,-,-,-,-,-
maze-32-32-4,8,1,online_window_dijkstra_2,-180,6.68015,6.68015,0,success,180,0,0,180,0,0,0,-,-,-,-,-
maze-32-32-4,9,1,online_window_dijkstra_2,-86,6.17414,6.17414,0,success,86,0,0,86,0,0,0,-,-,-,-,-
maze-32-32-4,9,1,online_window_dijkstra_2,-95,6.07533,6.07533,0,success,95,0,0,95,0,0,0,-,-,-,-,-
maze-32-32-4,9,1,online_window_dijkstra_2,-82,5.57769,5.57769,0,success,82,0,0,82,0,0,0,-,-,-,-,-
maze-32-32-4,9,1,online_window_dijkstra_2,-133,6.31792,6.31792,0,success,133,0,0,133,0,0,0,-,-,-,-,-
maze-32-32-4,9,1,online_window_dijkstra_2,-102,6.03793,6.03793,0,success,102,0,0,102,0,0,0,-,-,-,-,-
maze-32-32-4,9,1,online_window_dijkstra_2,-91,4.07878,4.07878,0,success,91,0,0,91,0,0,0,-,-,-,-,-
maze-32-32-4,9,1,online_window_dijkstra_2,-97,5.39155,5.39155,0,success,97,0,0,97,0,0,0,-,-,-,-,-
maze-32-32-4,9,1,online_window_dijkstra_2,-122,4.54928,4.54928,0,success,122,0,0,122,0,0,0,-,-,-,-,-
maze-32-32-4,9,1,online_window_dijkstra_2,-100,5.44037,5.44037,0,success,100,0,0,100,0,0,0,-,-,-,-,-
maze-32-32-4,9,1,online_window_dijkstra_2,-93,3.76285,3.76285,0,success,93,0,0,93,0,0,0,-,-,-,-,-
maze-32-32-4,9,1,online_window_dijkstra_2,-107,8.04046,8.04046,0,success,107,0,0,107,0,0,0,-,-,-,-,-
maze-32-32-4,9,1,online_window_dijkstra_2,-96,3.7753,3.7753,0,success,96,0,0,96,0,0,0,-,-,-,-,-
maze-32-32-4,9,1,online_window_dijkstra_2,-101,4.43362,4.43362,0,success,101,0,0,101,0,0,0,-,-,-,-,-
maze-32-32-4,9,1,online_window_dijkstra_2,-84,3.5155,3.5155,0,success,84,0,0,84,0,0,0,-,-,-,-,-
maze-32-32-4,9,1,online_window_dijkstra_2,-112,5.10588,5.10588,0,success,112,0,0,112,0,0,0,-,-,-,-,-
maze-32-32-4,9,1,online_window_dijkstra_2,-108,4.3128,4.3128,0,success,108,0,0,108,0,0,0,-,-,-,-,-
maze-32-32-4,9,1,online_window_dijkstra_2,-109,4.55594,4.55594,0,success,109,0,0,109,0,0,0,-,-,-,-,-
maze-32-32-4,9,1,online_window_dijkstra_2,-99,4.0673,4.0673,0,success,99,0,0,99,0,0,0,-,-,-,-,-
maze-32-32-4,9,1,online_window_dijkstra_2,-90,4.07321,4.07321,0,success,90,0,0,90,0,0,0,-,-,-,-,-
maze-32-32-4,9,1,online_window_dijkstra_2,-91,3.50715,3.50715,0,success,91,0,0,91,0,0,0,-,-,-,-,-
maze-32-32-4,9,1,online_window_dijkstra_2,-95,4.13967,4.13967,0,success,95,0,0,95,0,0,0,-,-,-,-,-
maze-32-32-4,9,1,online_window_dijkstra_2,-95,3.77538,3.77538,0,success,95,0,0,95,0,0,0,-,-,-,-,-
maze-32-32-4,9,1,online_window_dijkstra_2,-95,3.99549,3.99549,0,success,95,0,0,95,0,0,0,-,-,-,-,-
maze-32-32-4,9,1,online_window_dijkstra_2,-93,3.73643,3.73643,0,success,93,0,0,93,0,0,0,-,-,-,-,-
maze-32-32-4,9,1,online_window_dijkstra_2,-123,5.08175,5.08175,0,success,123,0,0,123,0,0,0,-,-,-,-,-
maze-32-32-4,9,1,online_window_dijkstra_2,-102,3.90935,3.90935,0,success,102,0,0,102,0,0,0,-,-,-,-,-
maze-32-32-4,9,1,online_window_dijkstra_2,-107,4.21284,4.21284,0,success,107,0,0,107,0,0,0,-,-,-,-,-
maze-32-32-4,9,1,online_window_dijkstra_2,-70,3.00197,3.00197,0,success,70,0,0,70,0,0,0,-,-,-,-,-
maze-32-32-4,9,1,online_window_dijkstra_2,-108,4.45952,4.45952,0,success,108,0,0,108,0,0,0,-,-,-,-,-
maze-32-32-4,9,1,online_window_dijkstra_2,-104,3.96697,3.96697,0,success,104,0,0,104,0,0,0,-,-,-,-,-
maze-32-32-4,10,1,online_window_dijkstra_2,-3,0.407022,0.407022,0,success,3,0,0,3,0,0,0,-,-,-,-,-
maze-32-32-4,10,1,online_window_dijkstra_2,-4,0.638296,0.638296,0,success,4,0,0,4,0,0,0,-,-,-,-,-
maze-32-32-4,10,1,online_window_dijkstra_2,-5,0.720237,0.720237,0,success,5,0,0,5,0,0,0,-,-,-,-,-
maze-32-32-4,10,1,online_window_dijkstra_2,-4,0.653812,0.653812,0,success,4,0,0,4,0,0,0,-,-,-,-,-
maze-32-32-4,10,1,online_window_dijkstra_2,-4,0.6599,0.6599,0,success,4,0,0,4,0,0,0,-,-,-,-,-
maze-32-32-4,10,1,online_window_dijkstra_2,-18,1.30023,1.30023,0,success,18,0,0,18,0,0,0,-,-,-,-,-
maze-32-32-4,10,1,online_window_dijkstra_2,-6,0.903254,0.903254,0,success,6,0,0,6,0,0,0,-,-,-,-,-
maze-32-32-4,10,1,online_window_dijkstra_2,-6,0.743922,0.743922,0,success,6,0,0,6,0,0,0,-,-,-,-,-
maze-32-32-4,10,1,online_window_dijkstra_2,-11,0.992677,0.992677,0,success,11,0,0,11,0,0,0,-,-,-,-,-
maze-32-32-4,10,1,online_window_dijkstra_2,-8,0.83672,0.83672,0,success,8,0,0,8,0,0,0,-,-,-,-,-
maze-32-32-4,10,1,online_window_dijkstra_2,-10,0.972344,0.972344,0,success,10,0,0,10,0,0,0,-,-,-,-,-
maze-32-32-4,10,1,online_window_dijkstra_2,-7,0.692637,0.692637,0,success,7,0,0,7,0,0,0,-,-,-,-,-
maze-32-32-4,10,1,online_window_dijkstra_2,-21,1.57363,1.57363,0,success,21,0,0,21,0,0,0,-,-,-,-,-
maze-32-32-4,10,1,online_window_dijkstra_2,-10,0.906193,0.906193,0,success,10,0,0,10,0,0,0,-,-,-,-,-
maze-32-32-4,10,1,online_window_dijkstra_2,-8,0.988843,0.988843,0,success,8,0,0,8,0,0,0,-,-,-,-,-
maze-32-32-4,10,1,online_window_dijkstra_2,-9,0.814137,0.814137,0,success,9,0,0,9,0,0,0,-,-,-,-,-
maze-32-32-4,10,1,online_window_dijkstra_2,-12,1.07342,1.07342,0,success,12,0,0,12,0,0,0,-,-,-,-,-
maze-32-32-4,10,1,online_window_dijkstra_2,-5,0.637424,0.637424,0,success,5,0,0,5,0,0,0,-,-,-,-,-
maze-32-32-4,10,1,online_window_dijkstra_2,-7,0.819406,0.819406,0,success,7,0,0,7,0,0,0,-,-,-,-,-
maze-32-32-4,10,1,online_window_dijkstra_2,-10,0.708575,0.708575,0,success,10,0,0,10,0,0,0,-,-,-,-,-
maze-32-32-4,10,1,online_window_dijkstra_2,-11,1.09061,1.09061,0,success,11,0,0,11,0,0,0,-,-,-,-,-
maze-32-32-4,10,1,online_window_dijkstra_2,-3,0.508968,0.508968,0,success,3,0,0,3,0,0,0,-,-,-,-,-
maze-32-32-4,10,1,online_window_dijkstra_2,-9,0.889844,0.889844,0,success,9,0,0,9,0,0,0,-,-,-,-,-
maze-32-32-4,10,1,online_window_dijkstra_2,-6,0.694355,0.694355,0,success,6,0,0,6,0,0,0,-,-,-,-,-
maze-32-32-4,10,1,online_window_dijkstra_2,-9,0.840489,0.840489,0,success,9,0,0,9,0,0,0,-,-,-,-,-
maze-32-32-4,10,1,online_window_dijkstra_2,-15,1.0918,1.0918,0,success,15,0,0,15,0,0,0,-,-,-,-,-
maze-32-32-4,10,1,online_window_dijkstra_2,-17,1.2904,1.2904,0,success,17,0,0,17,0,0,0,-,-,-,-,-
maze-32-32-4,10,1,online_window_dijkstra_2,-6,0.637995,0.637995,0,success,6,0,0,6,0,0,0,-,-,-,-,-
maze-32-32-4,10,1,online_window_dijkstra_2,-5,0.565645,0.565645,0,success,5,0,0,5,0,0,0,-,-,-,-,-
maze-32-32-4,10,1,online_window_dijkstra_2,-4,0.50496,0.50496,0,success,4,0,0,4,0,0,0,-,-,-,-,-
maze-32-32-4,11,1,online_window_dijkstra_2,-198,13.061,13.061,0,success,198,0,0,198,0,0,0,-,-,-,-,-
maze-32-32-4,11,1,online_window_dijkstra_2,-216,13.9638,13.9638,0,success,216,0,0,216,0,0,0,-,-,-,-,-
maze-32-32-4,11,1,online_window_dijkstra_2,-182,10.917,10.917,0,success,182,0,0,182,0,0,0,-,-,-,-,-
maze-32-32-4,11,1,online_window_dijkstra_2,-176,8.95991,8.95991,0,success,176,0,0,176,0,0,0,-,-,-,-,-
maze-32-32-4,11,1,online_window_dijkstra_2,-226,12.7013,12.7013,0,success,226,0,0,226,0,0,0,-,-,-,-,-
maze-32-32-4,11,1,online_window_dijkstra_2,-186,9.13327,9.13327,0,success,186,0,0,186,0,0,0,-,-,-,-,-
maze-32-32-4,11,1,online_window_dijkstra_2,-162,11.7171,11.7171,0,success,162,0,0,162,0,0,0,-,-,-,-,-
maze-32-32-4,11,1,online_window_dijkstra_2,-186,8.36864,8.36864,0,success,186,0,0,186,0,0,0,-,-,-,-,-
maze-32-32-4,11,1,online_window_dijkstra_2,-194,10.4811,10.4811,0,success,194,0,0,194,0,0,0,-,-,-,-,-
maze-32-32-4,11,1,online_window_dijkstra_2,-188,7.89723,7.89723,0,success,188,0,0,188,0,0,0,-,-,-,-,-
maze-32-32-4,11,1,online_window_dijkstra_2,-184,9.58639,9.58639,0,success,184,0,0,184,0,0,0,-,-,-,-,-
maze-32-32-4,11,1,online_window_dijkstra_2,-155,6.40051,6.40051,0,success,155,0,0,155,0,0,0,-,-,-,-,-
maze-32-32-4,11,1,online_window_dijkstra_2,-190,9.60067,9.60067,0,success,190,0,0,190,0,0,0,-,-,-,-,-
maze-32-32-4,11,1,online_window_dijkstra_2,-206,7.88045,7.88045,0,success,206,0,0,206,0,0,0,-,-,-,-,-
maze-32-32-4,11,1,online_window_dijkstra_2,-191,9.09626,9.09626,0,success,191,0,0,191,0,0,0,-,-,-,-,-
maze-32-32-4,11,1,online_window_dijkstra_2,-206,7.79542,7.79542,0,success,206,0,0,206,0,0,0,-,-,-,-,-
maze-32-32-4,11,1,online_window_dijkstra_2,-191,8.59669,8.59669,0,success,191,0,0,191,0,0,0,-,-,-,-,-
maze-32-32-4,11,1,online_window_dijkstra_2,-178,6.83943,6.83943,0,success,178,0,0,178,0,0,0,-,-,-,-,-
maze-32-32-4,11,1,online_window_dijkstra_2,-155,7.14801,7.14801,0,success,155,0,0,155,0,0,0,-,-,-,-,-
maze-32-32-4,11,1,online_window_dijkstra_2,-216,8.31323,8.31323,0,success,216,0,0,216,0,0,0,-,-,-,-,-
maze-32-32-4,11,1,online_window_dijkstra_2,-217,8.64634,8.64634,0,success,217,0,0,217,0,0,0,-,-,-,-,-
maze-32-32-4,11,1,online_window_dijkstra_2,-179,7.05356,7.05356,0,success,179,0,0,179,0,0,0,-,-,-,-,-
maze-32-32-4,11,1,online_window_dijkstra_2,-207,8.162,8.162,0,success,207,0,0,207,0,0,0,-,-,-,-,-
maze-32-32-4,11,1,online_window_dijkstra_2,-183,7.42613,7.42613,0,success,183,0,0,183,0,0,0,-,-,-,-,-
maze-32-32-4,11,1,online_window_dijkstra_2,-189,7.7195,7.7195,0,success,189,0,0,189,0,0,0,-,-,-,-,-
maze-32-32-4,11,1,online_window_dijkstra_2,-185,7.27543,7.27543,0,success,185,0,0,185,0,0,0,-,-,-,-,-
maze-32-32-4,11,1,online_window_dijkstra_2,-189,7.42559,7.42559,0,success,189,0,0,189,0,0,0,-,-,-,-,-
maze-32-32-4,11,1,online_window_dijkstra_2,-151,5.97111,5.97111,0,success,151,0,0,151,0,0,0,-,-,-,-,-
maze-32-32-4,11,1,online_window_dijkstra_2,-178,8.43769,8.43769,0,success,178,0,0,178,0,0,0,-,-,-,-,-
maze-32-32-4,11,1,online_window_dijkstra_2,-162,6.71002,6.71002,0,success,162,0,0,162,0,0,0,-,-,-,-,-
maze-32-32-4,12,1,online_window_dijkstra_2,-109,8.08666,8.08666,0,success,109,0,0,109,0,0,0,-,-,-,-,-
maze-32-32-4,12,1,online_window_dijkstra_2,-147,6.29846,6.29846,0,success,147,0,0,147,0,0,0,-,-,-,-,-
maze-32-32-4,12,1,online_window_dijkstra_2,-140,9.04005,9.04005,0,success,140,0,0,140,0,0,0,-,-,-,-,-
maze-32-32-4,12,1,online_window_dijkstra_2,-118,4.87097,4.87097,0,success,118,0,0,118,0,0,0,-,-,-,-,-
maze-32-32-4,12,1,online_window_dijkstra_2,-199,10.6224,10.6224,0,success,199,0,0,199,0,0,0,-,-,-,-,-
maze-32-32-4,12,1,online_window_dijkstra_2,-163,6.51101,6.51101,0,success,163,0,0,163,0,0,0,-,-,-,-,-
maze-32-32-4,12,1,online_window_dijkstra_2,-211,10.504,10.504,0,success,211,0,0,211,0,0,0,-,-,-,-,-
maze-32-32-4,12,1,online_window_dijkstra_2,-154,5.57955,5.57955,0,success,154,0,0,154,0,0,0,-,-,-,-,-
maze-32-32-4,12,1,online_window_dijkstra_2,-127,6.5489,6.5489,0,success,127,0,0,127,0,0,0,-,-,-,-,-
maze-32-32-4,12,1,online_window_dijkstra_2,-172,6.26978,6.26978,0,success,172,0,0,172,0,0,0,-,-,-,-,-
maze-32-32-4,12,1,online_window_dijkstra_2,-154,7.61766,7.61766,0,success,154,0,0,154,0,0,0,-,-,-,-,-
maze-32-32-4,12,1,online_window_dijkstra_2,-139,5.41314,5.41314,0,success,139,0,0,139,0,0,0,-,-,-,-,-
maze-32-32-4,12,1,online_window_dijkstra_2,-98,5.11221,5.11221,0,success,98,0,0,98,0,0,0,-,-,-,-,-
maze-32-32-4,12,1,online_window_dijkstra_2,-118,4.69209,4.69209,0,success,118,0,0,118,0,0,0,-,-,-,-,-
maze-32-32-4,12,1,online_window_dijkstra_2,-147,7.03901,7.03901,0,success,147,0,0,147,0,0,0,-,-,-,-,-
maze-32-32-4,12,1,online_window_dijkstra_2,-156,5.90045,5.90045,0,success,156,0,0,156,0,0,0,-,-,-,-,-
maze-32-32-4,12,1,online_window_dijkstra_2,-112,5.42657,5.42657,0,success,112,0,0,112,0,0,0,-,-,-,-,-
maze-32-32-4,12,1,online_window_dijkstra_2,-116,4.81556,4.81556,0,success,116,0,0,116,0,0,0,-,-,-,-,-
maze-32-32-4,12,1,online_window_dijkstra_2,-173,7.63316,7.63316,0,success,173,0,0,173,0,0,0,-,-,-,-,-
maze-32-32-4,12,1,online_window_dijkstra_2,-164,6.05322,6.05322,0,success,164,0,0,164,0,0,0,-,-,-,-,-
maze-32-32-4,12,1,online_window_dijkstra_2,-137,6.17462,6.17462,0,success,137,0,0,137,0,0,0,-,-,-,-,-
maze-32-32-4,12,1,online_window_dijkstra_2,-181,6.75685,6.75685,0,success,181,0,0,181,0,0,0,-,-,-,-,-
maze-32-32-4,12,1,online_window_dijkstra_2,-178,7.54035,7.54035,0,success,178,0,0,178,0,0,0,-,-,-,-,-
maze-32-32-4,12,1,online_window_dijkstra_2,-131,5.44498,5.44498,0,success,131,0,0,131,0,0,0,-,-,-,-,-
maze-32-32-4,12,1,online_window_dijkstra_2,-184,7.19185,7.19185,0,success,184,0,0,184,0,0,0,-,-,-,-,-
maze-32-32-4,12,1,online_window_dijkstra_2,-149,5.72031,5.72031,0,success,149,0,0,149,0,0,0,-,-,-,-,-
maze-32-32-4,12,1,online_window_dijkstra_2,-139,5.63552,5.63552,0,success,139,0,0,139,0,0,0,-,-,-,-,-
maze-32-32-4,12,1,online_window_dijkstra_2,-164,6.20043,6.20043,0,success,164,0,0,164,0,0,0,-,-,-,-,-
maze-32-32-4,12,1,online_window_dijkstra_2,-143,5.72519,5.72519,0,success,143,0,0,143,0,0,0,-,-,-,-,-
maze-32-32-4,12,1,online_window_dijkstra_2,-130,5.23541,5.23541,0,success,130,0,0,130,0,0,0,-,-,-,-,-
maze-32-32-4,13,1,online_window_dijkstra_2,-135,9.86384,9.86384,0,success,135,0,0,135,0,0,0,-,-,-,-,-
maze-32-32-4,13,1,online_window_dijkstra_2,-197,7.21495,7.21495,0,success,197,0,0,197,0,0,0,-,-,-,-,-
maze-32-32-4,13,1,online_window_dijkstra_2,-155,9.59098,9.59098,0,success,155,0,0,155,0,0,0,-,-,-,-,-
maze-32-32-4,13,1,online_window_dijkstra_2,-138,5.58217,5.58217,0,success,138,0,0,138,0,0,0,-,-,-,-,-
maze-32-32-4,13,1,online_window_dijkstra_2,-148,8.47484,8.47484,0,success,148,0,0,148,0,0,0,-,-,-,-,-
maze-32-32-4,13,1,online_window_dijkstra_2,-146,5.89427,5.89427,0,success,146,0,0,146,0,0,0,-,-,-,-,-
maze-32-32-4,13,1,online_window_dijkstra_2,-147,8.21195,8.21195,0,success,147,0,0,147,0,0,0,-,-,-,-,-
maze-32-32-4,13,1,online_window_dijkstra_2,-136,5.66377,5.66377,0,success,136,0,0,136,0,0,0,-,-,-,-,-
maze-32-32-4,13,1,online_window_dijkstra_2,-208,12.5572,12.5572,0,success,208,0,0,208,0,0,0,-,-,-,-,-
maze-32-32-4,13,1,online_window_dijkstra_2,-153,6.19858,6.19858,0,success,153,0,0,153,0,0,0,-,-,-,-,-
maze-32-32-4,13,1,online_window_dijkstra_2,-166,8.91682,8.91682,0,success,166,0,0,166,0,0,0,-,-,-,-,-
maze-32-32-4,13,1,online_window_dijkstra_2,-150,5.97882,5.97882,0,success,150,0,0,150,0,0,0,-,-,-,-,-
maze-32-32-4,13,1,online_window_dijkstra_2,-148,6.32779,6.32779,0,success,148,0,0,148,0,0,0,-,-,-,-,-
maze-32-32-4,13,1,online_window_dijkstra_2,-225,7.90205,7.90205,0,success,225,0,0,225,0,0,0,-,-,-,-,-
maze-32-32-4,13,1,online_window_dijkstra_2,-154,7.75799,7.75799,0,success,154,0,0,154,0,0,0,-,-,-,-,-
maze-32-32-4,13,1,online_window_dijkstra_2,-136,5.57286,5.57286,0,success,136,0,0,136,0,0,0,-,-,-,-,-
maze-32-32-4,13,1,online_window_dijkstra_2,-138,5.84914,5.84914,0,success,138,0,0,138,0,0,0,-,-,-,-,-
maze-32-32-4,13,1,online_window_dijkstra_2,-183,6.92662,6.92662,0,success,183,0,0,183,0,0,0,-,-,-,-,-
maze-32-32-4,13,1,online_window_dijkstra_2,-172,6.90775,6.90775,0,success,172,0,0,172,0,0,0,-,-,-,-,-
maze-32-32-4,13,1,online_window_dijkstra_2,-154,6.07882,6.07882,0,success,154,0,0,154,0,0,0,-,-,-,-,-
maze-32-32-4,13,1,online_window_dijkstra_2,-206,7.92546,7.92546,0,success,206,0,0,206,0,0,0,-,-,-,-,-
maze-32-32-4,13,1,online_window_dijkstra_2,-178,6.78686,6.78686,0,success,178,0,0,178,0,0,0,-,-,-,-,-
maze-32-32-4,13,1,online_window_dijkstra_2,-146,5.85821,5.85821,0,success,146,0,0,146,0,0,0,-,-,-,-,-
maze-32-32-4,13,1,online_window_dijkstra_2,-166,6.62481,6.62481,0,success,166,0,0,166,0,0,0,-,-,-,-,-
maze-32-32-4,13,1,online_window_dijkstra_2,-127,5.33215,5.33215,0,success,127,0,0,127,0,0,0,-,-,-,-,-
maze-32-32-4,13,1,online_window_dijkstra_2,-168,6.53281,6.53281,0,success,168,0,0,168,0,0,0,-,-,-,-,-
maze-32-32-4,13,1,online_window_dijkstra_2,-157,6.21952,6.21952,0,success,157,0,0,157,0,0,0,-,-,-,-,-
maze-32-32-4,13,1,online_window_dijkstra_2,-156,6.26223,6.26223,0,success,156,0,0,156,0,0,0,-,-,-,-,-
maze-32-32-4,13,1,online_window_dijkstra_2,-201,7.46522,7.46522,0,success,201,0,0,201,0,0,0,-,-,-,-,-
maze-32-32-4,13,1,online_window_dijkstra_2,-171,6.5543,6.5543,0,success,171,0,0,171,0,0,0,-,-,-,-,-
maze-32-32-4,14,1,online_window_dijkstra_2,-141,9.0081,9.0081,0,success,141,0,0,141,0,0,0,-,-,-,-,-
maze-32-32-4,14,1,online_window_dijkstra_2,-127,5.67698,5.67698,0,success,127,0,0,127,0,0,0,-,-,-,-,-
maze-32-32-4,14,1,online_window_dijkstra_2,-140,9.0414,9.0414,0,success,140,0,0,140,0,0,0,-,-,-,-,-
maze-32-32-4,14,1,online_window_dijkstra_2,-141,5.72605,5.72605,0,success,141,0,0,141,0,0,0,-,-,-,-,-
maze-32-32-4,14,1,online_window_dijkstra_2,-138,7.97098,7.97098,0,success,138,0,0,138,0,0,0,-,-,-,-,-
maze-32-32-4,14,1,online_window_dijkstra_2,-134,5.31097,5.31097,0,success,134,0,0,134,0,0,0,-,-,-,-,-
maze-32-32-4,14,1,online_window_dijkstra_2,-137,7.44982,7.44982,0,success,137,0,0,137,0,0,0,-,-,-,-,-
maze-32-32-4,14,1,online_window_dijkstra_2,-141,5.26378,5.26378,0,success,141,0,0,141,0,0,0,-,-,-,-,-
maze-32-32-4,14,1,online_window_dijkstra_2,-120,6.35951,6.35951,0,success,120,0,0,120,0,0,0,-,-,-,-,-
maze-32-32-4,14,1,online_window_dijkstra_2,-124,5.02171,5.02171,0,success,124,0,0,124,0,0,0,-,-,-,-,-
maze-32-32-4,14,1,online_window_dijkstra_2,-144,7.28196,7.28196,0,success,144,0,0,144,0,0,0,-,-,-,-,-
maze-32-32-4,14,1,online_window_dijkstra_2,-175,6.30887,6.30887,0,success,175,0,0,175,0,0,0,-,-,-,-,-
maze-32-32-4,14,1,online_window_dijkstra_2,-140,7.00876,7.00876,0,success,140,0,0,140,0,0,0,-,-,-,-,-
maze-32-32-4,14,1,online_window_dijkstra_2,-136,5.26394,5.26394,0,success,136,0,0,136,0,0,0,-,-,-,-,-
maze-32-32-4,14,1,online_window_dijkstra_2,-136,6.53494,6.53494,0,success,136,0,0,136,0,0,0,-,-,-,-,-
maze-32-32-4,14,1,online_window_dijkstra_2,-146,5.44266,5.44266,0,success,146,0,0,146,0,0,0,-,-,-,-,-
maze-32-32-4,14,1,online_window_dijkstra_2,-149,6.9466,6.9466,0,success,149,0,0,149,0,0,0,-,-,-,-,-
maze-32-32-4,14,1,online_window_dijkstra_2,-171,6.11894,6.11894,0,success,171,0,0,171,0,0,0,-,-,-,-,-
maze-32-32-4,14,1,online_window_dijkstra_2,-151,6.71402,6.71402,0,success,151,0,0,151,0,0,0,-,-,-,-,-
maze-32-32-4,14,1,online_window_dijkstra_2,-209,7.17831,7.17831,0,success,209,0,0,209,0,0,0,-,-,-,-,-
maze-32-32-4,14,1,online_window_dijkstra_2,-122,5.60546,5.60546,0,success,122,0,0,122,0,0,0,-,-,-,-,-
maze-32-32-4,14,1,online_window_dijkstra_2,-115,4.7707,4.7707,0,success,115,0,0,115,0,0,0,-,-,-,-,-
maze-32-32-4,14,1,online_window_dijkstra_2,-105,5.12518,5.12518,0,success,105,0,0,105,0,0,0,-,-,-,-,-
maze-32-32-4,14,1,online_window_dijkstra_2,-120,4.92749,4.92749,0,success,120,0,0,120,0,0,0,-,-,-,-,-
maze-32-32-4,14,1,online_window_dijkstra_2,-133,5.84431,5.84431,0,success,133,0,0,133,0,0,0,-,-,-,-,-
maze-32-32-4,14,1,online_window_dijkstra_2,-152,5.64504,5.64504,0,success,152,0,0,152,0,0,0,-,-,-,-,-
maze-32-32-4,14,1,online_window_dijkstra_2,-116,5.17223,5.17223,0,success,116,0,0,116,0,0,0,-,-,-,-,-
maze-32-32-4,14,1,online_window_dijkstra_2,-143,5.41181,5.41181,0,success,143,0,0,143,0,0,0,-,-,-,-,-
maze-32-32-4,14,1,online_window_dijkstra_2,-163,6.72093,6.72093,0,success,163,0,0,163,0,0,0,-,-,-,-,-
maze-32-32-4,14,1,online_window_dijkstra_2,-185,6.56534,6.56534,0,success,185,0,0,185,0,0,0,-,-,-,-,-
maze-32-32-4,15,1,online_window_dijkstra_2,-205,14.0128,14.0128,0,success,205,0,0,205,0,0,0,-,-,-,-,-
maze-32-32-4,15,1,online_window_dijkstra_2,-215,13.2485,13.2485,0,success,215,0,0,215,0,0,0,-,-,-,-,-
maze-32-32-4,15,1,online_window_dijkstra_2,-241,13.188,13.188,0,success,241,0,0,241,0,0,0,-,-,-,-,-
maze-32-32-4,15,1,online_window_dijkstra_2,-223,11.6971,11.6971,0,success,223,0,0,223,0,0,0,-,-,-,-,-
maze-32-32-4,15,1,online_window_dijkstra_2,-237,11.7903,11.7903,0,success,237,0,0,237,0,0,0,-,-,-,-,-
maze-32-32-4,15,1,online_window_dijkstra_2,-235,10.1008,10.1008,0,success,235,0,0,235,0,0,0,-,-,-,-,-
maze-32-32-4,15,1,online_window_dijkstra_2,-243,11.4722,11.4722,0,success,243,0,0,243,0,0,0,-,-,-,-,-
maze-32-32-4,15,1,online_window_dijkstra_2,-230,8.49094,8.49094,0,success,230,0,0,230,0,0,0,-,-,-,-,-
maze-32-32-4,15,1,online_window_dijkstra_2,-199,9.09854,9.09854,0,success,199,0,0,199,0,0,0,-,-,-,-,-
maze-32-32-4,15,1,online_window_dijkstra_2,-232,8.55374,8.55374,0,success,232,0,0,232,0,0,0,-,-,-,-,-
maze-32-32-4,15,1,online_window_dijkstra_2,-209,8.56555,8.56555,0,success,209,0,0,209,0,0,0,-,-,-,-,-
maze-32-32-4,15,1,online_window_dijkstra_2,-212,8.15284,8.15284,0,success,212,0,0,212,0,0,0,-,-,-,-,-
maze-32-32-4,15,1,online_window_dijkstra_2,-221,8.46569,8.46569,0,success,221,0,0,221,0,0,0,-,-,-,-,-
maze-32-32-4,15,1,online_window_dijkstra_2,-193,7.43569,7.43569,0,success,193,0,0,193,0,0,0,-,-,-,-,-
maze-32-32-4,15,1,online_window_dijkstra_2,-178,7.09315,7.09315,0,success,178,0,0,178,0,0,0,-,-,-,-,-
maze-32-32-4,15,1,online_window_dijkstra_2,-213,8.23485,8.23485,0,success,213,0,0,213,0,0,0,-,-,-,-,-
maze-32-32-4,15,1,online_window_dijkstra_2,-255,9.1224,9.1224,0,success,255,0,0,255,0,0,0,-,-,-,-,-
maze-32-32-4,15,1,online_window_dijkstra_2,-177,6.7972,6.7972,0,success,177,0,0,177,0,0,0,-,-,-,-,-
maze-32-32-4,15,1,online_window_dijkstra_2,-191,7.58025,7.58025,0,success,191,0,0,191,0,0,0,-,-,-,-,-
maze-32-32-4,15,1,online_window_dijkstra_2,-226,8.39516,8.39516,0,success,226,0,0,226,0,0,0,-,-,-,-,-
maze-32-32-4,15,1,online_window_dijkstra_2,-187,7.35392,7.35392,0,success,187,0,0,187,0,0,0,-,-,-,-,-
maze-32-32-4,15,1,online_window_dijkstra_2,-197,7.5765,7.5765,0,success,197,0,0,197,0,0,0,-,-,-,-,-
maze-32-32-4,15,1,online_window_dijkstra_2,-219,8.21381,8.21381,0,success,219,0,0,219,0,0,0,-,-,-,-,-
maze-32-32-4,15,1,online_window_dijkstra_2,-202,7.81125,7.81125,0,success,202,0,0,202,0,0,0,-,-,-,-,-
maze-32-32-4,15,1,online_window_dijkstra_2,-215,8.30324,8.30324,0,success,215,0,0,215,0,0,0,-,-,-,-,-
maze-32-32-4,15,1,online_window_dijkstra_2,-230,8.54161,8.54161,0,success,230,0,0,230,0,0,0,-,-,-,-,-
maze-32-32-4,15,1,online_window_dijkstra_2,-268,9.59768,9.59768,0,success,268,0,0,268,0,0,0,-,-,-,-,-
maze-32-32-4,15,1,online_window_dijkstra_2,-233,8.38076,8.38076,0,success,233,0,0,233,0,0,0,-,-,-,-,-
maze-32-32-4,15,1,online_window_dijkstra_2,-177,7.04691,7.04691,0,success,177,0,0,177,0,0,0,-,-,-,-,-
maze-32-32-4,15,1,online_window_dijkstra_2,-145,6.04554,6.04554,0,success,145,0,0,145,0,0,0,-,-,-,-,-
maze-32-32-4,16,1,online_window_dijkstra_2,-116,6.67098,6.67098,0,success,116,0,0,116,0,0,0,-,-,-,-,-
maze-32-32-4,16,1,online_window_dijkstra_2,-114,7.57563,7.57563,0,success,114,0,0,114,0,0,0,-,-,-,-,-
maze-32-32-4,16,1,online_window_dijkstra_2,-66,4.30591,4.30591,0,success,66,0,0,66,0,0,0,-,-,-,-,-
maze-32-32-4,16,1,online_window_dijkstra_2,-148,8.2774,8.2774,0,success,148,0,0,148,0,0,0,-,-,-,-,-
maze-32-32-4,16,1,online_window_dijkstra_2,-106,5.69663,5.69663,0,success,106,0,0,106,0,0,0,-,-,-,-,-
maze-32-32-4,16,1,online_window_dijkstra_2,-98,5.58306,5.58306,0,success,98,0,0,98,0,0,0,-,-,-,-,-
maze-32-32-4,16,1,online_window_dijkstra_2,-95,4.88727,4.88727,0,success,95,0,0,95,0,0,0,-,-,-,-,-
maze-32-32-4,16,1,online_window_dijkstra_2,-100,5.51464,5.51464,0,success,100,0,0,100,0,0,0,-,-,-,-,-
maze-32-32-4,16,1,online_window_dijkstra_2,-140,5.89539,5.89539,0,success,140,0,0,140,0,0,0,-,-,-,-,-
maze-32-32-4,16,1,online_window_dijkstra_2,-62,3.87164,3.87164,0,success,62,0,0,62,0,0,0,-,-,-,-,-
maze-32-32-4,16,1,online_window_dijkstra_2,-101,4.63453,4.63453,0,success,101,0,0,101,0,0,0,-,-,-,-,-
maze-32-32-4,16,1,online_window_dijkstra_2,-97,4.99922,4.99922,0,success,97,0,0,97,0,0,0,-,-,-,-,-
maze-32-32-4,16,1,online_window_dijkstra_2,-126,5.19371,5.19371,0,success,126,0,0,126,0,0,0,-,-,-,-,-
maze-32-32-4,16,1,online_window_dijkstra_2,-105,5.25752,5.25752,0,success,105,0,0,105,0,0,0,-,-,-,-,-
maze-32-32-4,16,1,online_window_dijkstra_2,-93,3.92599,3.92599,0,success,93,0,0,93,0,0,0,-,-,-,-,-
maze-32-32-4,16,1,online_window_dijkstra_2,-114,5.59521,5.59521,0,success,114,0,0,114,0,0,0,-,-,-,-,-
maze-32-32-4,16,1,online_window_dijkstra_2,-107,3.87699,3.87699,0,success,107,0,0,107,0,0,0,-,-,-,-,-
maze-32-32-4,16,1,online_window_dijkstra_2,-89,4.32729,4.32729,0,success,89,0,0,89,0,0,0,-,-,-,-,-
maze-32-32-4,16,1,online_window_dijkstra_2,-87,3.4431,3.4431,0,success,87,0,0,87,0,0,0,-,-,-,-,-
maze-32-32-4,16,1,online_window_dijkstra_2,-95,4.42423,4.42423,0,success,95,0,0,95,0,0,0,-,-,-,-,-
maze-32-32-4,16,1,online_window_dijkstra_2,-93,3.68147,3.68147,0,success,93,0,0,93,0,0,0,-,-,-,-,-
maze-32-32-4,16,1,online_window_dijkstra_2,-113,5.12965,5.12965,0,success,113,0,0,113,0,0,0,-,-,-,-,-
maze-32-32-4,16,1,online_window_dijkstra_2,-101,3.93148,3.93148,0,success,101,0,0,101,0,0,0,-,-,-,-,-
maze-32-32-4,16,1,online_window_dijkstra_2,-80,3.97778,3.97778,0,success,80,0,0,80,0,0,0,-,-,-,-,-
maze-32-32-4,16,1,online_window_dijkstra_2,-83,3.34522,3.34522,0,success,83,0,0,83,0,0,0,-,-,-,-,-
maze-32-32-4,16,1,online_window_dijkstra_2,-97,4.35275,4.35275,0,success,97,0,0,97,0,0,0,-,-,-,-,-
maze-32-32-4,16,1,online_window_dijkstra_2,-80,3.24321,3.24321,0,success,80,0,0,80,0,0,0,-,-,-,-,-
maze-32-32-4,16,1,online_window_dijkstra_2,-110,4.45199,4.45199,0,success,110,0,0,110,0,0,0,-,-,-,-,-
maze-32-32-4,16,1,online_window_dijkstra_2,-90,3.57024,3.57024,0,success,90,0,0,90,0,0,0,-,-,-,-,-
maze-32-32-4,16,1,online_window_dijkstra_2,-132,5.01341,5.01341,0,success,132,0,0,132,0,0,0,-,-,-,-,-
maze-32-32-4,17,1,online_window_dijkstra_2,-107,7.5941,7.5941,0,success,107,0,0,107,0,0,0,-,-,-,-,-
maze-32-32-4,17,1,online_window_dijkstra_2,-91,4.77057,4.77057,0,success,91,0,0,91,0,0,0,-,-,-,-,-
maze-32-32-4,17,1,online_window_dijkstra_2,-111,7.07789,7.07789,0,success,111,0,0,111,0,0,0,-,-,-,-,-
maze-32-32-4,17,1,online_window_dijkstra_2,-95,4.36882,4.36882,0,success,95,0,0,95,0,0,0,-,-,-,-,-
maze-32-32-4,17,1,online_window_dijkstra_2,-120,6.8038,6.8038,0,success,120,0,0,120,0,0,0,-,-,-,-,-
maze-32-32-4,17,1,online_window_dijkstra_2,-103,4.31969,4.31969,0,success,103,0,0,103,0,0,0,-,-,-,-,-
maze-32-32-4,17,1,online_window_dijkstra_2,-125,6.78629,6.78629,0,success,125,0,0,125,0,0,0,-,-,-,-,-
maze-32-32-4,17,1,online_window_dijkstra_2,-119,4.75405,4.75405,0,success,119,0,0,119,0,0,0,-,-,-,-,-
maze-32-32-4,17,1,online_window_dijkstra_2,-127,6.30161,6.30161,0,success,127,0,0,127,0,0,0,-,-,-,-,-
maze-32-32-4,17,1,online_window_dijkstra_2,-110,4.32724,4.32724,0,success,110,0,0,110,0,0,0,-,-,-,-,-
maze-32-32-4,17,1,online_window_dijkstra_2,-99,5.45331,5.45331,0,success,99,0,0,99,0,0,0,-,-,-,-,-
maze-32-32-4,17,1,online_window_dijkstra_2,-140,5.12108,5.12108,0,success,140,0,0,140,0,0,0,-,-,-,-,-
maze-32-32-4,17,1,online_window_dijkstra_2,-138,6.18333,6.18333,0,success,138,0,0,138,0,0,0,-,-,-,-,-
maze-32-32-4,17,1,online_window_dijkstra_2,-116,4.6646,4.6646,0,success,116,0,0,116,0,0,0,-,-,-,-,-
maze-32-32-4,17,1,online_window_dijkstra_2,-131,5.63656,5.63656,0,success,131,0,0,131,0,0,0,-,-,-,-,-
maze-32-32-4,17,1,online_window_dijkstra_2,-94,3.72833,3.72833,0,success,94,0,0,94,0,0,0,-,-,-,-,-
maze-32-32-4,17,1,online_window_dijkstra_2,-196,7.41071,7.41071,0,success,196,0,0,196,0,0,0,-,-,-,-,-
maze-32-32-4,17,1,online_window_dijkstra_2,-74,3.29305,3.29305,0,success,74,0,0,74,0,0,0,-,-,-,-,-
maze-32-32-4,17,1,online_window_dijkstra_2,-149,6.12621,6.12621,0,success,149,0,0,149,0,0,0,-,-,-,-,-
maze-32-32-4,17,1,online_window_dijkstra_2,-89,3.68465,3.68465,0,success,89,0,0,89,0,0,0,-,-,-,-,-
maze-32-32-4,17,1,online_window_dijkstra_2,-100,4.36562,4.36562,0,success,100,0,0,100,0,0,0,-,-,-,-,-
maze-32-32-4,17,1,online_window_dijkstra_2,-88,3.67143,3.67143,0,success,88,0,0,88,0,0,0,-,-,-,-,-
maze-32-32-4,17,1,online_window_dijkstra_2,-131,5.06819,5.06819,0,success,131,0,0,131,0,0,0,-,-,-,-,-
maze-32-32-4,17,1,online_window_dijkstra_2,-151,5.50044,5.50044,0,success,151,0,0,151,0,0,0,-,-,-,-,-
maze-32-32-4,17,1,online_window_dijkstra_2,-90,3.93456,3.93456,0,success,90,0,0,90,0,0,0,-,-,-,-,-
maze-32-32-4,17,1,online_window_dijkstra_2,-101,4.12169,4.12169,0,success,101,0,0,101,0,0,0,-,-,-,-,-
maze-32-32-4,17,1,online_window_dijkstra_2,-125,4.8956,4.8956,0,success,125,0,0,125,0,0,0,-,-,-,-,-
maze-32-32-4,17,1,online_window_dijkstra_2,-132,5.24742,5.24742,0,success,132,0,0,132,0,0,0,-,-,-,-,-
maze-32-32-4,17,1,online_window_dijkstra_2,-123,4.71387,4.71387,0,success,123,0,0,123,0,0,0,-,-,-,-,-
maze-32-32-4,17,1,online_window_dijkstra_2,-120,4.68282,4.68282,0,success,120,0,0,120,0,0,0,-,-,-,-,-
maze-32-32-4,18,1,online_window_dijkstra_2,-75,5.8604,5.8604,0,success,75,0,0,75,0,0,0,-,-,-,-,-
maze-32-32-4,18,1,online_window_dijkstra_2,-81,5.59628,5.59628,0,success,81,0,0,81,0,0,0,-,-,-,-,-
maze-32-32-4,18,1,online_window_dijkstra_2,-106,6.83409,6.83409,0,success,106,0,0,106,0,0,0,-,-,-,-,-
maze-32-32-4,18,1,online_window_dijkstra_2,-89,5.81314,5.81314,0,success,89,0,0,89,0,0,0,-,-,-,-,-
maze-32-32-4,18,1,online_window_dijkstra_2,-72,4.81354,4.81354,0,success,72,0,0,72,0,0,0,-,-,-,-,-
maze-32-32-4,18,1,online_window_dijkstra_2,-109,5.92338,5.92338,0,success,109,0,0,109,0,0,0,-,-,-,-,-
maze-32-32-4,18,1,online_window_dijkstra_2,-86,5.12602,5.12602,0,success,86,0,0,86,0,0,0,-,-,-,-,-
maze-32-32-4,18,1,online_window_dijkstra_2,-76,4.51583,4.51583,0,success,76,0,0,76,0,0,0,-,-,-,-,-
maze-32-32-4,18,1,online_window_dijkstra_2,-94,4.97075,4.97075,0,success,94,0,0,94,0,0,0,-,-,-,-,-
maze-32-32-4,18,1,online_window_dijkstra_2,-64,3.57695,3.57695,0,success,64,0,0,64,0,0,0,-,-,-,-,-
maze-32-32-4,18,1,online_window_dijkstra_2,-112,5.56636,5.56636,0,success,112,0,0,112,0,0,0,-,-,-,-,-
maze-32-32-4,18,1,online_window_dijkstra_2,-107,5.04017,5.04017,0,success,107,0,0,107,0,0,0,-,-,-,-,-
maze-32-32-4,18,1,online_window_dijkstra_2,-82,4.40088,4.40088,0,success,82,0,0,82,0,0,0,-,-,-,-,-
maze-32-32-4,18,1,online_window_dijkstra_2,-82,4.0084,4.0084,0,success,82,0,0,82,0,0,0,-,-,-,-,-
maze-32-32-4,18,1,online_window_dijkstra_2,-93,4.62224,4.62224,0,success,93,0,0,93,0,0,0,-,-,-,-,-
maze-32-32-4,18,1,online_window_dijkstra_2,-85,3.97763,3.97763,0,success,85,0,0,85,0,0,0,-,-,-,-,-
maze-32-32-4,18,1,online_window_dijkstra_2,-104,4.97065,4.97065,0,success,104,0,0,104,0,0,0,-,-,-,-,-
maze-32-32-4,18,1,online_window_dijkstra_2,-91,3.88354,3.88354,0,success,91,0,0,91,0,0,0,-,-,-,-,-
maze-32-32-4,18,1,online_window_dijkstra_2,-72,3.82905,3.82905,0,success,72,0,0,72,0,0,0,-,-,-,-,-
maze-32-32-4,18,1,online_window_dijkstra_2,-84,3.64648,3.64648,0,success,84,0,0,84,0,0,0,-,-,-,-,-
maze-32-32-4,18,1,online_window_dijkstra_2,-84,4.17082,4.17082,0,success,84,0,0,84,0,0,0,-,-,-,-,-
maze-32-32-4,18,1,online_window_dijkstra_2,-65,3.06511,3.06511,0,success,65,0,0,65,0,0,0,-,-,-,-,-
maze-32-32-4,18,1,online_window_dijkstra_2,-105,4.91523,4.91523,0,success,105,0,0,105,0,0,0,-,-,-,-,-
maze-32-32-4,18,1,online_window_dijkstra_2,-62,2.88243,2.88243,0,success,62,0,0,62,0,0,0,-,-,-,-,-
maze-32-32-4,18,1,online_window_dijkstra_2,-90,4.2614,4.2614,0,success,90,0,0,90,0,0,0,-,-,-,-,-
maze-32-32-4,18,1,online_window_dijkstra_2,-72,3.06824,3.06824,0,success,72,0,0,72,0,0,0,-,-,-,-,-
maze-32-32-4,18,1,online_window_dijkstra_2,-103,4.36031,4.36031,0,success,103,0,0,103,0,0,0,-,-,-,-,-
maze-32-32-4,18,1,online_window_dijkstra_2,-84,3.55573,3.55573,0,success,84,0,0,84,0,0,0,-,-,-,-,-
maze-32-32-4,18,1,online_window_dijkstra_2,-110,4.77991,4.77991,0,success,110,0,0,110,0,0,0,-,-,-,-,-
maze-32-32-4,18,1,online_window_dijkstra_2,-98,3.67335,3.67335,0,success,98,0,0,98,0,0,0,-,-,-,-,-
maze-32-32-4,19,1,online_window_dijkstra_2,-188,12.1823,12.1823,0,success,188,0,0,188,0,0,0,-,-,-,-,-
maze-32-32-4,19,1,online_window_dijkstra_2,-226,9.13078,9.13078,0,success,226,0,0,226,0,0,0,-,-,-,-,-
maze-32-32-4,19,1,online_window_dijkstra_2,-166,10.3947,10.3947,0,success,166,0,0,166,0,0,0,-,-,-,-,-
maze-32-32-4,19,1,online_window_dijkstra_2,-214,7.73683,7.73683,0,success,214,0,0,214,0,0,0,-,-,-,-,-
maze-32-32-4,19,1,online_window_dijkstra_2,-297,18.6008,18.6008,0,success,297,0,0,297,0,0,0,-,-,-,-,-
maze-32-32-4,19,1,online_window_dijkstra_2,-153,6.12702,6.12702,0,success,153,0,0,153,0,0,0,-,-,-,-,-
maze-32-32-4,19,1,online_window_dijkstra_2,-153,7.87889,7.87889,0,success,153,0,0,153,0,0,0,-,-,-,-,-
maze-32-32-4,19,1,online_window_dijkstra_2,-150,5.93657,5.93657,0,success,150,0,0,150,0,0,0,-,-,-,-,-
maze-32-32-4,19,1,online_window_dijkstra_2,-271,10.9343,10.9343,0,success,271,0,0,271,0,0,0,-,-,-,-,-
maze-32-32-4,19,1,online_window_dijkstra_2,-161,6.21169,6.21169,0,success,161,0,0,161,0,0,0,-,-,-,-,-
maze-32-32-4,19,1,online_window_dijkstra_2,-205,8.7159,8.7159,0,success,205,0,0,205,0,0,0,-,-,-,-,-
maze-32-32-4,19,1,online_window_dijkstra_2,-219,7.78434,7.78434,0,success,219,0,0,219,0,0,0,-,-,-,-,-
maze-32-32-4,19,1,online_window_dijkstra_2,-184,7.88439,7.88439,0,success,184,0,0,184,0,0,0,-,-,-,-,-
maze-32-32-4,19,1,online_window_dijkstra_2,-190,7.1406,7.1406,0,success,190,0,0,190,0,0,0,-,-,-,-,-
maze-32-32-4,19,1,online_window_dijkstra_2,-197,7.7578,7.7578,0,success,197,0,0,197,0,0,0,-,-,-,-,-
maze-32-32-4,19,1,online_window_dijkstra_2,-183,6.64406,6.64406,0,success,183,0,0,183,0,0,0,-,-,-,-,-
maze-32-32-4,19,1,online_window_dijkstra_2,-215,7.63307,7.63307,0,success,215,0,0,215,0,0,0,-,-,-,-,-
maze-32-32-4,19,1,online_window_dijkstra_2,-163,6.17689,6.17689,0,success,163,0,0,163,0,0,0,-,-,-,-,-
maze-32-32-4,19,1,online_window_dijkstra_2,-181,6.87286,6.87286,0,success,181,0,0,181,0,0,0,-,-,-,-,-
maze-32-32-4,19,1,online_window_dijkstra_2,-151,5.99971,5.99971,0,success,151,0,0,151,0,0,0,-,-,-,-,-
maze-32-32-4,19,1,online_window_dijkstra_2,-182,6.68844,6.68844,0,success,182,0,0,182,0,0,0,-,-,-,-,-
maze-32-32-4,19,1,online_window_dijkstra_2,-182,6.73972,6.73972,0,success,182,0,0,182,0,0,0,-,-,-,-,-
maze-32-32-4,19,1,online_window_dijkstra_2,-159,6.04126,6.04126,0,success,159,0,0,159,0,0,0,-,-,-,-,-
maze-32-32-4,19,1,online_window_dijkstra_2,-187,7.16713,7.16713,0,success,187,0,0,187,0,0,0,-,-,-,-,-
maze-32-32-4,19,1,online_window_dijkstra_2,-163,6.38903,6.38903,0,success,163,0,0,163,0,0,0,-,-,-,-,-
maze-32-32-4,19,1,online_window_dijkstra_2,-237,8.35639,8.35639,0,success,237,0,0,237,0,0,0,-,-,-,-,-
maze-32-32-4,19,1,online_window_dijkstra_2,-216,7.97153,7.97153,0,success,216,0,0,216,0,0,0,-,-,-,-,-
maze-32-32-4,19,1,online_window_dijkstra_2,-191,6.97164,6.97164,0,success,191,0,0,191,0,0,0,-,-,-,-,-
maze-32-32-4,19,1,online_window_dijkstra_2,-230,8.28481,8.28481,0,success,230,0,0,230,0,0,0,-,-,-,-,-
maze-32-32-4,19,1,online_window_dijkstra_2,-175,6.663,6.663,0,success,175,0,0,175,0,0,0,-,-,-,-,-
maze-32-32-4,20,1,online_window_dijkstra_2,-12,1.14905,1.14905,0,success,12,0,0,12,0,0,0,-,-,-,-,-
maze-32-32-4,20,1,online_window_dijkstra_2,-14,0.787473,0.787473,0,success,14,0,0,14,0,0,0,-,-,-,-,-
maze-32-32-4,20,1,online_window_dijkstra_2,-12,0.954631,0.954631,0,success,12,0,0,12,0,0,0,-,-,-,-,-
maze-32-32-4,20,1,online_window_dijkstra_2,-8,0.542373,0.542373,0,success,8,0,0,8,0,0,0,-,-,-,-,-
maze-32-32-4,20,1,online_window_dijkstra_2,-5,0.813224,0.813224,0,success,5,0,0,5,0,0,0,-,-,-,-,-
maze-32-32-4,20,1,online_window_dijkstra_2,-2,0.351375,0.351375,0,success,2,0,0,2,0,0,0,-,-,-,-,-
maze-32-32-4,20,1,online_window_dijkstra_2,-26,1.86887,1.86887,0,success,26,0,0,26,0,0,0,-,-,-,-,-
maze-32-32-4,20,1,online_window_dijkstra_2,-7,0.527425,0.527425,0,success,7,0,0,7,0,0,0,-,-,-,-,-
maze-32-32-4,20,1,online_window_dijkstra_2,-20,1.44133,1.44133,0,success,20,0,0,20,0,0,0,-,-,-,-,-
maze-32-32-4,20,1,online_window_dijkstra_2,-20,0.846787,0.846787,0,success,20,0,0,20,0,0,0,-,-,-,-,-
maze-32-32-4,20,1,online_window_dijkstra_2,-5,0.699637,0.699637,0,success,5,0,0,5,0,0,0,-,-,-,-,-
maze-32-32-4,20,1,online_window_dijkstra_2,-5,0.464372,0.464372,0,success,5,0,0,5,0,0,0,-,-,-,-,-
maze-32-32-4,20,1,online_window_dijkstra_2,-7,0.683843,0.683843,0,success,7,0,0,7,0,0,0,-,-,-,-,-
maze-32-32-4,20,1,online_window_dijkstra_2,-7,0.516505,0.516505,0,success,7,0,0,7,0,0,0,-,-,-,-,-
maze-32-32-4,20,1,online_window_dijkstra_2,-6,0.709653,0.709653,0,success,6,0,0,6,0,0,0,-,-,-,-,-
maze-32-32-4,20,1,online_window_dijkstra_2,-3,0.359174,0.359174,0,success,3,0,0,3,0,0,0,-,-,-,-,-
maze-32-32-4,20,1,online_window_dijkstra_2,-12,0.993286,0.993286,0,success,12,0,0,12,0,0,0,-,-,-,-,-
maze-32-32-4,20,1,online_window_dijkstra_2,-7,0.479646,0.479646,0,success,7,0,0,7,0,0,0,-,-,-,-,-
maze-32-32-4,20,1,online_window_dijkstra_2,-12,1.01719,1.01719,0,success,12,0,0,12,0,0,0,-,-,-,-,-
maze-32-32-4,20,1,online_window_dijkstra_2,-6,0.543503,0.543503,0,success,6,0,0,6,0,0,0,-,-,-,-,-
maze-32-32-4,20,1,online_window_dijkstra_2,-11,0.951158,0.951158,0,success,11,0,0,11,0,0,0,-,-,-,-,-
maze-32-32-4,20,1,online_window_dijkstra_2,-8,0.546057,0.546057,0,success,8,0,0,8,0,0,0,-,-,-,-,-
maze-32-32-4,20,1,online_window_dijkstra_2,-4,0.505979,0.505979,0,success,4,0,0,4,0,0,0,-,-,-,-,-
maze-32-32-4,20,1,online_window_dijkstra_2,-6,0.490297,0.490297,0,success,6,0,0,6,0,0,0,-,-,-,-,-
maze-32-32-4,20,1,online_window_dijkstra_2,-5,0.652767,0.652767,0,success,5,0,0,5,0,0,0,-,-,-,-,-
maze-32-32-4,20,1,online_window_dijkstra_2,-4,0.46161,0.46161,0,success,4,0,0,4,0,0,0,-,-,-,-,-
maze-32-32-4,20,1,online_window_dijkstra_2,-6,0.686575,0.686575,0,success,6,0,0,6,0,0,0,-,-,-,-,-
maze-32-32-4,20,1,online_window_dijkstra_2,-5,0.46764,0.46764,0,success,5,0,0,5,0,0,0,-,-,-,-,-
maze-32-32-4,20,1,online_window_dijkstra_2,-4,0.569025,0.569025,0,success,4,0,0,4,0,0,0,-,-,-,-,-
maze-32-32-4,20,1,online_window_dijkstra_2,-5,0.463429,0.463429,0,success,5,0,0,5,0,0,0,-,-,-,-,-
maze-32-32-4,21,1,online_window_dijkstra_2,-218,13.7647,13.7647,0,success,218,0,0,218,0,0,0,-,-,-,-,-
maze-32-32-4,21,1,online_window_dijkstra_2,-194,7.90203,7.90203,0,success,194,0,0,194,0,0,0,-,-,-,-,-
maze-32-32-4,21,1,online_window_dijkstra_2,-191,10.5446,10.5446,0,success,191,0,0,191,0,0,0,-,-,-,-,-
maze-32-32-4,21,1,online_window_dijkstra_2,-193,7.45786,7.45786,0,success,193,0,0,193,0,0,0,-,-,-,-,-
maze-32-32-4,21,1,online_window_dijkstra_2,-229,15.2477,15.2477,0,success,229,0,0,229,0,0,0,-,-,-,-,-
maze-32-32-4,21,1,online_window_dijkstra_2,-198,7.62551,7.62551,0,success,198,0,0,198,0,0,0,-,-,-,-,-
maze-32-32-4,21,1,online_window_dijkstra_2,-233,10.7598,10.7598,0,success,233,0,0,233,0,0,0,-,-,-,-,-
maze-32-32-4,21,1,online_window_dijkstra_2,-237,9.01505,9.01505,0,success,237,0,0,237,0,0,0,-,-,-,-,-
maze-32-32-4,21,1,online_window_dijkstra_2,-223,8.4232,8.4232,0,success,223,0,0,223,0,0,0,-,-,-,-,-
maze-32-32-4,21,1,online_window_dijkstra_2,-193,7.64346,7.64346,0,success,193,0,0,193,0,0,0,-,-,-,-,-
maze-32-32-4,21,1,online_window_dijkstra_2,-204,8.12827,8.12827,0,success,204,0,0,204,0,0,0,-,-,-,-,-
maze-32-32-4,21,1,online_window_dijkstra_2,-211,7.94589,7.94589,0,success,211,0,0,211,0,0,0,-,-,-,-,-
maze-32-32-4,21,1,online_window_dijkstra_2,-221,8.47576,8.47576,0,success,221,0,0,221,0,0,0,-,-,-,-,-
maze-32-32-4,21,1,online_window_dijkstra_2,-220,8.52408,8.52408,0,success,220,0,0,220,0,0,0,-,-,-,-,-
maze-32-32-4,21,1,online_window_dijkstra_2,-207,8.19045,8.19045,0,success,207,0,0,207,0,0,0,-,-,-,-,-
maze-32-32-4,21,1,online_window_dijkstra_2,-241,8.83228,8.83228,0,success,241,0,0,241,0,0,0,-,-,-,-,-
maze-32-32-4,21,1,online_window_dijkstra_2,-254,9.06208,9.06208,0,success,254,0,0,254,0,0,0,-,-,-,-,-
maze-32-32-4,21,1,online_window_dijkstra_2,-187,7.34016,7.34016,0,success,187,0,0,187,0,0,0,-,-,-,-,-
maze-32-32-4,21,1,online_window_dijkstra_2,-218,8.26405,8.26405,0,success,218,0,0,218,0,0,0,-,-,-,-,-
maze-32-32-4,21,1,online_window_dijkstra_2,-242,9.17068,9.17068,0,success,242,0,0,242,0,0,0,-,-,-,-,-
maze-32-32-4,21,1,online_window_dijkstra_2,-156,6.43387,6.43387,0,success,156,0,0,156,0,0,0,-,-,-,-,-
maze-32-32-4,21,1,online_window_dijkstra_2,-250,9.13701,9.13701,0,success,250,0,0,250,0,0,0,-,-,-,-,-
maze-32-32-4,21,1,online_window_dijkstra_2,-183,7.35119,7.35119,0,success,183,0,0,183,0,0,0,-,-,-,-,-
maze-32-32-4,21,1,online_window_dijkstra_2,-185,7.36313,7.36313,0,success,185,0,0,185,0,0,0,-,-,-,-,-
maze-32-32-4,21,1,online_window_dijkstra_2,-236,9.36266,9.36266,0,success,236,0,0,236,0,0,0,-,-,-,-,-
maze-32-32-4,21,1,online_window_dijkstra_2,-192,7.49153,7.49153,0,success,192,0,0,192,0,0,0,-,-,-,-,-
maze-32-32-4,21,1,online_window_dijkstra_2,-159,6.43278,6.43278,0,success,159,0,0,159,0,0,0,-,-,-,-,-
maze-32-32-4,21,1,online_window_dijkstra_2,-173,6.88299,6.88299,0,success,173,0,0,173,0,0,0,-,-,-,-,-
maze-32-32-4,21,1,online_window_dijkstra_2,-209,8.02689,8.02689,0,success,209,0,0,209,0,0,0,-,-,-,-,-
maze-32-32-4,21,1,online_window_dijkstra_2,-206,8.11861,8.11861,0,success,206,0,0,206,0,0,0,-,-,-,-,-
maze-32-32-4,22,1,online_window_dijkstra_2,-184,11.8697,11.8697,0,success,184,0,0,184,0,0,0,-,-,-,-,-
maze-32-32-4,22,1,online_window_dijkstra_2,-194,11.9254,11.9254,0,success,194,0,0,194,0,0,0,-,-,-,-,-
maze-32-32-4,22,1,online_window_dijkstra_2,-156,8.61579,8.61579,0,success,156,0,0,156,0,0,0,-,-,-,-,-
maze-32-32-4,22,1,online_window_dijkstra_2,-192,9.88116,9.88116,0,success,192,0,0,192,0,0,0,-,-,-,-,-
maze-32-32-4,22,1,online_window_dijkstra_2,-158,8.47904,8.47904,0,success,158,0,0,158,0,0,0,-,-,-,-,-
maze-32-32-4,22,1,online_window_dijkstra_2,-179,9.59724,9.59724,0,success,179,0,0,179,0,0,0,-,-,-,-,-
maze-32-32-4,22,1,online_window_dijkstra_2,-189,7.66844,7.66844,0,success,189,0,0,189,0,0,0,-,-,-,-,-
maze-32-32-4,22,1,online_window_dijkstra_2,-219,10.166,10.166,0,success,219,0,0,219,0,0,0,-,-,-,-,-
maze-32-32-4,22,1,online_window_dijkstra_2,-206,8.45687,8.45687,0,success,206,0,0,206,0,0,0,-,-,-,-,-
maze-32-32-4,22,1,online_window_dijkstra_2,-187,9.08732,9.08732,0,success,187,0,0,187,0,0,0,-,-,-,-,-
maze-32-32-4,22,1,online_window_dijkstra_2,-204,7.81261,7.81261,0,success,204,0,0,204,0,0,0,-,-,-,-,-
maze-32-32-4,22,1,online_window_dijkstra_2,-171,8.20954,8.20954,0,success,171,0,0,171,0,0,0,-,-,-,-,-
maze-32-32-4,22,1,online_window_dijkstra_2,-175,7.1914,7.1914,0,success,175,0,0,175,0,0,0,-,-,-,-,-
maze-32-32-4,22,1,online_window_dijkstra_2,-176,7.83802,7.83802,0,success,176,0,0,176,0,0,0,-,-,-,-,-
maze-32-32-4,22,1,online_window_dijkstra_2,-202,7.75272,7.75272,0,success,202,0,0,202,0,0,0,-,-,-,-,-
maze-32-32-4,22,1,online_window_dijkstra_2,-168,7.12181,7.12181,0,success,168,0,0,168,0,0,0,-,-,-,-,-
maze-32-32-4,22,1,online_window_dijkstra_2,-168,6.49367,6.49367,0,success,168,0,0,168,0,0,0,-,-,-,-,-
maze-32-32-4,22,1,online_window_dijkstra_2,-165,6.96042,6.96042,0,success,165,0,0,165,0,0,0,-,-,-,-,-
maze-32-32-4,22,1,online_window_dijkstra_2,-142,6.00274,6.00274,0,success,142,0,0,142,0,0,0,-,-,-,-,-
maze-32-32-4,22,1,online_window_dijkstra_2,-216,8.46745,8.46745,0,success,216,0,0,216,0,0,0,-,-,-,-,-
maze-32-32-4,22,1,online_window_dijkstra_2,-176,6.8404,6.8404,0,success,176,0,0,176,0,0,0,-,-,-,-,-
maze-32-32-4,22,1,online_window_dijkstra_2,-153,6.69022,6.69022,0,success,153,0,0,153,0,0,0,-,-,-,-,-
maze-32-32-4,22,1,online_window_dijkstra_2,-186,7.29978,7.29978,0,success,186,0,0,186,0,0,0,-,-,-,-,-
maze-32-32-4,22,1,online_window_dijkstra_2,-201,8.22915,8.22915,0,success,201,0,0,201,0,0,0,-,-,-,-,-
maze-32-32-4,22,1,online_window_dijkstra_2,-192,7.59802,7.59802,0,success,192,0,0,192,0,0,0,-,-,-,-,-
maze-32-32-4,22,1,online_window_dijkstra_2,-174,6.78521,6.78521,0,success,174,0,0,174,0,0,0,-,-,-,-,-
maze-32-32-4,22,1,online_window_dijkstra_2,-168,6.4239,6.4239,0,success,168,0,0,168,0,0,0,-,-,-,-,-
maze-32-32-4,22,1,online_window_dijkstra_2,-175,7.05337,7.05337,0,success,175,0,0,175,0,0,0,-,-,-,-,-
maze-32-32-4,22,1,online_window_dijkstra_2,-158,6.55158,6.55158,0,success,158,0,0,158,0,0,0,-,-,-,-,-
maze-32-32-4,22,1,online_window_dijkstra_2,-191,7.23602,7.23602,0,success,191,0,0,191,0,0,0,-,-,-,-,-
maze-32-32-4,23,1,online_window_dijkstra_2,-4,0.411892,0.411892,0,success,4,0,0,4,0,0,0,-,-,-,-,-
maze-32-32-4,23,1,online_window_dijkstra_2,-21,1.03318,1.03318,0,success,21,0,0,21,0,0,0,-,-,-,-,-
maze-32-32-4,23,1,online_window_dijkstra_2,-14,0.746054,0.746054,0,success,14,0,0,14,0,0,0,-,-,-,-,-
maze-32-32-4,23,1,online_window_dijkstra_2,-4,0.405844,0.405844,0,success,4,0,0,4,0,0,0,-,-,-,-,-
maze-32-32-4,23,1,online_window_dijkstra_2,-6,0.438097,0.438097,0,success,6,0,0,6,0,0,0,-,-,-,-,-
maze-32-32-4,23,1,online_window_dijkstra_2,-5,0.424345,0.424345,0,success,5,0,0,5,0,0,0,-,-,-,-,-
maze-32-32-4,23,1,online_window_dijkstra_2,-10,0.537227,0.537227,0,success,10,0,0,10,0,0,0,-,-,-,-,-
maze-32-32-4,23,1,online_window_dijkstra_2,-12,0.660554,0.660554,0,success,12,0,0,12,0,0,0,-,-,-,-,-
maze-32-32-4,23,1,online_window_dijkstra_2,-4,0.418267,0.418267,0,success,4,0,0,4,0,0,0,-,-,-,-,-
maze-32-32-4,23,1,online_window_dijkstra_2,-6,0.500348,0.500348,0,success,6,0,0,6,0,0,0,-,-,-,-,-
maze-32-32-4,23,1,online_window_dijkstra_2,-11,0.644536,0.644536,0,success,11,0,0,11,0,0,0,-,-,-,-,-
maze-32-32-4,23,1,online_window_dijkstra_2,-9,0.622038,0.622038,0,success,9,0,0,9,0,0,0,-,-,-,-,-
maze-32-32-4,23,1,online_window_dijkstra_2,-3,0.379509,0.379509,0,success,3,0,0,3,0,0,0,-,-,-,-,-
maze-32-32-4,23,1,online_window_dijkstra_2,-4,0.421028,0.421028,0,success,4,0,0,4,0,0,0,-,-,-,-,-
maze-32-32-4,23,1,online_window_dijkstra_2,-13,0.660599,0.660599,0,success,13,0,0,13,0,0,0,-,-,-,-,-
maze-32-32-4,23,1,online_window_dijkstra_2,-3,0.368334,0.368334,0,success,3,0,0,3,0,0,0,-,-,-,-,-
maze-32-32-4,23,1,online_window_dijkstra_2,-3,0.367545,0.367545,0,success,3,0,0,3,0,0,0,-,-,-,-,-
maze-32-32-4,23,1,online_window_dijkstra_2,-4,0.400297,0.400297,0,success,4,0,0,4,0,0,0,-,-,-,-,-
maze-32-32-4,23,1,online_window_dijkstra_2,-6,0.501023,0.501023,0,success,6,0,0,6,0,0,0,-,-,-,-,-
maze-32-32-4,23,1,online_window_dijkstra_2,-11,0.667179,0.667179,0,success,11,0,0,11,0,0,0,-,-,-,-,-
maze-32-32-4,23,1,online_window_dijkstra_2,-11,0.637145,0.637145,0,success,11,0,0,11,0,0,0,-,-,-,-,-
maze-32-32-4,23,1,online_window_dijkstra_2,-11,0.573208,0.573208,0,success,11,0,0,11,0,0,0,-,-,-,-,-
maze-32-32-4,23,1,online_window_dijkstra_2,-5,0.415442,0.415442,0,success,5,0,0,5,0,0,0,-,-,-,-,-
maze-32-32-4,23,1,online_window_dijkstra_2,-11,0.612431,0.612431,0,success,11,0,0,11,0,0,0,-,-,-,-,-
maze-32-32-4,23,1,online_window_dijkstra_2,-9,0.566973,0.566973,0,success,9,0,0,9,0,0,0,-,-,-,-,-
maze-32-32-4,23,1,online_window_dijkstra_2,-17,0.823846,0.823846,0,success,17,0,0,17,0,0,0,-,-,-,-,-
maze-32-32-4,23,1,online_window_dijkstra_2,-11,0.649082,0.649082,0,success,11,0,0,11,0,0,0,-,-,-,-,-
maze-32-32-4,23,1,online_window_dijkstra_2,-5,0.428399,0.428399,0,success,5,0,0,5,0,0,0,-,-,-,-,-
maze-32-32-4,23,1,online_window_dijkstra_2,-4,0.393724,0.393724,0,success,4,0,0,4,0,0,0,-,-,-,-,-
maze-32-32-4,23,1,online_window_dijkstra_2,-8,0.541549,0.541549,0,success,8,0,0,8,0,0,0,-,-,-,-,-
maze-32-32-4,24,1,online_window_dijkstra_2,-55,3.4467,3.4467,0,success,55,0,0,55,0,0,0,-,-,-,-,-
maze-32-32-4,24,1,online_window_dijkstra_2,-43,2.28802,2.28802,0,success,43,0,0,43,0,0,0,-,-,-,-,-
maze-32-32-4,24,1,online_window_dijkstra_2,-44,2.59237,2.59237,0,success,44,0,0,44,0,0,0,-,-,-,-,-
maze-32-32-4,24,1,online_window_dijkstra_2,-32,1.58375,1.58375,0,success,32,0,0,32,0,0,0,-,-,-,-,-
maze-32-32-4,24,1,online_window_dijkstra_2,-48,2.46163,2.46163,0,success,48,0,0,48,0,0,0,-,-,-,-,-
maze-32-32-4,24,1,online_window_dijkstra_2,-45,2.02557,2.02557,0,success,45,0,0,45,0,0,0,-,-,-,-,-
maze-32-32-4,24,1,online_window_dijkstra_2,-49,2.67563,2.67563,0,success,49,0,0,49,0,0,0,-,-,-,-,-
maze-32-32-4,24,1,online_window_dijkstra_2,-44,2.1072,2.1072,0,success,44,0,0,44,0,0,0,-,-,-,-,-
maze-32-32-4,24,1,online_window_dijkstra_2,-26,1.72714,1.72714,0,success,26,0,0,26,0,0,0,-,-,-,-,-
maze-32-32-4,24,1,online_window_dijkstra_2,-31,1.5524,1.5524,0,success,31,0,0,31,0,0,0,-,-,-,-,-
maze-32-32-4,24,1,online_window_dijkstra_2,-50,2.38495,2.38495,0,success,50,0,0,50,0,0,0,-,-,-,-,-
maze-32-32-4,24,1,online_window_dijkstra_2,-71,2.70141,2.70141,0,success,71,0,0,71,0,0,0,-,-,-,-,-
maze-32-32-4,24,1,online_window_dijkstra_2,-69,2.87102,2.87102,0,success,69,0,0,69,0,0,0,-,-,-,-,-
maze-32-32-4,24,1,online_window_dijkstra_2,-74,2.99646,2.99646,0,success,74,0,0,74,0,0,0,-,-,-,-,-
maze-32-32-4,24,1,online_window_dijkstra_2,-28,1.56496,1.56496,0,success,28,0,0,28,0,0,0,-,-,-,-,-
maze-32-32-4,24,1,online_window_dijkstra_2,-52,2.29164,2.29164,0,success,52,0,0,52,0,0,0,-,-,-,-,-
maze-32-32-4,24,1,online_window_dijkstra_2,-52,2.14419,2.14419,0,success,52,0,0,52,0,0,0,-,-,-,-,-
maze-32-32-4,24,1,online_window_dijkstra_2,-42,1.83204,1.83204,0,success,42,0,0,42,0,0,0,-,-,-,-,-
maze-32-32-4,24,1,online_window_dijkstra_2,-38,1.69981,1.69981,0,success,38,0,0,38,0,0,0,-,-,-,-,-
maze-32-32-4,24,1,online_window_dijkstra_2,-39,1.81112,1.81112,0,success,39,0,0,39,0,0,0,-,-,-,-,-
maze-32-32-4,24,1,online_window_dijkstra_2,-49,2.08514,2.08514,0,success,49,0,0,49,0,0,0,-,-,-,-,-
maze-32-32-4,24,1,online_window_dijkstra_2,-62,2.41637,2.41637,0,success,62,0,0,62,0,0,0,-,-,-,-,-
maze-32-32-4,24,1,online_window_dijkstra_2,-45,1.92474,1.92474,0,success,45,0,0,45,0,0,0,-,-,-,-,-
maze-32-32-4,24,1,online_window_dijkstra_2,-40,1.71962,1.71962,0,success,40,0,0,40,0,0,0,-,-,-,-,-
maze-32-32-4,24,1,online_window_dijkstra_2,-104,3.74256,3.74256,0,success,104,0,0,104,0,0,0,-,-,-,-,-
maze-32-32-4,24,1,online_window_dijkstra_2,-38,1.78528,1.78528,0,success,38,0,0,38,0,0,0,-,-,-,-,-
maze-32-32-4,24,1,online_window_dijkstra_2,-39,1.89421,1.89421,0,success,39,0,0,39,0,0,0,-,-,-,-,-
maze-32-32-4,24,1,online_window_dijkstra_2,-53,2.61325,2.61325,0,success,53,0,0,53,0,0,0,-,-,-,-,-
maze-32-32-4,24,1,online_window_dijkstra_2,-31,1.67787,1.67787,0,success,31,0,0,31,0,0,0,-,-,-,-,-
maze-32-32-4,24,1,online_window_dijkstra_2,-34,1.66155,1.66155,0,success,34,0,0,34,0,0,0,-,-,-,-,-
maze-32-32-4,25,1,online_window_dijkstra_2,-50,3.6516,3.6516,0,success,50,0,0,50,0,0,0,-,-,-,-,-
maze-32-32-4,25,1,online_window_dijkstra_2,-22,1.95569,1.95569,0,success,22,0,0,22,0,0,0,-,-,-,-,-
maze-32-32-4,25,1,online_window_dijkstra_2,-21,1.40675,1.40675,0,success,21,0,0,21,0,0,0,-,-,-,-,-
maze-32-32-4,25,1,online_window_dijkstra_2,-44,2.90966,2.90966,0,success,44,0,0,44,0,0,0,-,-,-,-,-
maze-32-32-4,25,1,online_window_dijkstra_2,-29,2.38366,2.38366,0,success,29,0,0,29,0,0,0,-,-,-,-,-
maze-32-32-4,25,1,online_window_dijkstra_2,-31,2.04797,2.04797,0,success,31,0,0,31,0,0,0,-,-,-,-,-
maze-32-32-4,25,1,online_window_dijkstra_2,-32,2.4812,2.4812,0,success,32,0,0,32,0,0,0,-,-,-,-,-
maze-32-32-4,25,1,online_window_dijkstra_2,-29,1.97797,1.97797,0,success,29,0,0,29,0,0,0,-,-,-,-,-
maze-32-32-4,25,1,online_window_dijkstra_2,-20,1.86372,1.86372,0,success,20,0,0,20,0,0,0,-,-,-,-,-
maze-32-32-4,25,1,online_window_dijkstra_2,-45,2.45208,2.45208,0,success,45,0,0,45,0,0,0,-,-,-,-,-
maze-32-32-4,25,1,online_window_dijkstra_2,-55,3.21102,3.21102,0,success,55,0,0,55,0,0,0,-,-,-,-,-
maze-32-32-4,25,1,online_window_dijkstra_2,-33,1.90906,1.90906,0,success,33,0,0,33,0,0,0,-,-,-,-,-
maze-32-32-4,25,1,online_window_dijkstra_2,-50,3.13574,3.13574,0,success,50,0,0,50,0,0,0,-,-,-,-,-
maze-32-32-4,25,1,online_window_dijkstra_2,-39,2.76491,2.76491,0,success,39,0,0,39,0,0,0,-,-,-,-,-
maze-32-32-4,25,1,online_window_dijkstra_2,-56,2.71017,2.71017,0,success,56,0,0,56,0,0,0,-,-,-,-,-
maze-32-32-4,25,1,online_window_dijkstra_2,-63,3.86409,3.86409,0,success,63,0,0,63,0,0,0,-,-,-,-,-
maze-32-32-4,25,1,online_window_dijkstra_2,-22,1.41337,1.41337,0,success,22,0,0,22,0,0,0,-,-,-,-,-
maze-32-32-4,25,1,online_window_dijkstra_2,-30,1.99764,1.99764,0,success,30,0,0,30,0,0,0,-,-,-,-,-
maze-32-32-4,25,1,online_window_dijkstra_2,-37,1.99925,1.99925,0,success,37,0,0,37,0,0,0,-,-,-,-,-
maze-32-32-4,25,1,online_window_dijkstra_2,-20,1.60553,1.60553,0,success,20,0,0,20,0,0,0,-,-,-,-,-
maze-32-32-4,25,1,online_window_dijkstra_2,-19,1.33909,1.33909,0,success,19,0,0,19,0,0,0,-,-,-,-,-
maze-32-32-4,25,1,online_window_dijkstra_2,-38,2.32809,2.32809,0,success,38,0,0,38,0,0,0,-,-,-,-,-
maze-32-32-4,25,1,online_window_dijkstra_2,-34,1.71246,1.71246,0,success,34,0,0,34,0,0,0,-,-,-,-,-
maze-32-32-4,25,1,online_window_dijkstra_2,-48,2.55294,2.55294,0,success,48,0,0,48,0,0,0,-,-,-,-,-
maze-32-32-4,25,1,online_window_dijkstra_2,-47,2.08415,2.08415,0,success,47,0,0,47,0,0,0,-,-,-,-,-
maze-32-32-4,25,1,online_window_dijkstra_2,-49,2.63002,2.63002,0,success,49,0,0,49,0,0,0,-,-,-,-,-
maze-32-32-4,25,1,online_window_dijkstra_2,-33,1.65809,1.65809,0,success,33,0,0,33,0,0,0,-,-,-,-,-
maze-32-32-4,25,1,online_window_dijkstra_2,-46,2.31224,2.31224,0,success,46,0,0,46,0,0,0,-,-,-,-,-
maze-32-32-4,25,1,online_window_dijkstra_2,-54,2.32161,2.32161,0,success,54,0,0,54,0,0,0,-,-,-,-,-
maze-32-32-4,25,1,online_window_dijkstra_2,-43,2.19349,2.19349,0,success,43,0,0,43,0,0,0,-,-,-,-,-
